國家-關鍵字,標題,原文商城描述,中文翻譯
cn - 專注,番茄ToDo-极简高效自律番茄钟,"极简清新强大的学霸模式&番茄工作法&习惯养成工具，保持专注，拒绝低头族。
==获得最美应用推荐的番茄钟==
学霸模式：帮你暂时远离手机，抵制分心，专注当下。配合优美的白噪音在强大心流中高效学习工作
量化习惯管理：使用计时器量化你的每日习惯，完成一万小时计划很真的简单
强制提醒：一直不间断提醒到您完成所计划的待办为止，专治拖延症，不做手机控
高清白噪音：超高清的立体声白噪音资源，在舒缓优美的音乐中完成你的一万小时计划吧~
番茄自习室：和小伙伴在同一自习室 PK 专注时间，一起提升自我
统计数据：不仅有完善的数据统计模块，还可将时长计入 Apple Health 中「正念训练」

功能完备：待办清单，番茄钟，白噪音，到点提醒，工作数据分析展示，个性化设置（背景音，背景色，番茄时间，休息时间）等等功能一应俱全，只为认真生活的你。 

极简风：界面简洁美观，操作逻辑清晰简单，学习成本为0。优化大部分操作，以流畅的动画进行衔接，将操作过程最简化。

番茄工作法的关键是规划，追踪，记录，处理，以及可视化。您可以在此App中完成全部的番茄工作法流程，并随时查看记录，总结提高。",
cn - 專注,YoYo日常-习惯养成打卡软件,"YoYo日常专注是一款帮助您提升工作、学习效率的软件。现有专注计时、目标打卡、在线自习室等功能。

    【日记本】
    写实的日记本风格，帮您记录生活的点点滴滴。

    【HealthKit】
    支持连接至「HealthKit」，将您每次专注时长，写入“健康”APP的“正念训练”->“正念分钟数”。

    【会员连续订阅说明】
    - 付款：“连续包月/年”商品为自动续订商品，确认购买后，会从您的苹果iTunes账户扣费。
    - 续订：在您订阅周期到期前24小时，苹果会自动从iTunes账户扣费，扣费成功则会员有效期延长一个订阅周期。
    - 取消续订：如需取消续订，请在订阅期到期前至少24小时，手动在iTunes/Apple ID 账户设置中关闭自动续订。
    - 订阅可以由用户管理，并且可以在购买后，在用户的账户设置里关闭自动续订。
    - 免费试用期的任何未使用部分（如果提供），将在用户购买该商品时被回收。
    - 隐私政策 https://yoyo.luxifakj.cn/privacy-agreement.html
    - 用户协议 https://yoyo.luxifakj.cn/user-agreement.html
    - 会员协议 https://yoyo.luxifakj.cn/ios_member_protocol.html
    - 连续订阅服务协议https://yoyo.luxifakj.cn/ios_subscribe_protocol.html",
cn - 專注,腾讯新闻-专注热点新闻与兴趣资讯,"腾讯新闻是腾讯公司为iPhone用户精心打造的一款全天候、全方位、及时报道的新闻产品，为用户提供高效、优质的资讯、视频、直播服务。完美适配iOS16，是AppStore上资讯超新超全，浏览超快、超省流量的新闻产品！

产品特色
-新闻报道：7×24小时不间断更新，为你带来新闻现场热门资讯；重大、突发新闻推送，第一时间到你手中
-独家栏目：众多独家栏目等你来品味，《新闻哥》带你无底线趣味调侃新闻，《贵圈》带你揭秘娱乐圈不为人知的另一面
-直播：乐享五大足球联赛、NBA等国内外重大赛事直播，边看直播边聊天，更有神秘娱乐嘉宾等你来发现
-话题评论互动：参与身边事的讨论互动，看网友观点互动，关注有趣的人，一起聊新闻
-个性化推荐：你用得越多，我们推荐的越准，你关心的，尽在眼前
-媒体订阅：精心挑选近千家优质微信媒体，订阅丰富阅读内容
-王卡免流量看视频看资讯

意见反馈：
- 软件反馈：设置- 意见反馈
- 官方网站：http://news.qq.com/mobile/
- 腾讯微博：@腾讯新闻客户端

【腾讯视频VIP自动订阅服务说明】
1.订阅服务：腾讯视频VIP连续包月（1个月）、腾讯视频VIP连续包季（3个月）、腾讯视频VIP连续包年（12个月）
2.订阅价格：连续包月产品为20元/月，连续包季产品为58元/季，连续包年产品为218元/年
3.自动续费：每个计费周期到期前24小时内，将自动在iTunes账号扣费，并延长对应订阅服务的会员时长
4.关闭服务：您可以在苹果手机“设置” --> 进入“iTunes Store 与 App Store”-->点击 “Apple ID”，选择""查看Apple ID""，进入""账户设置""页面，点击“订阅”，管理自动订阅服务，如需取消，每个计费周期结束前24小时关闭即可，到期前24小时内则不再扣费
5.本服务不含免费试用时间，订阅成功立即扣费并生效
6.腾讯视频VIP会员服务协议： https://film.qq.com/weixin/term.html
7.隐私协议：https://privacy.qq.com/document/priview/3fab9c7fc1424ebda42c3ce488322c8a",
cn - 專注,学而思网校-专注素质教育的在线学习平台,"学而思网校，以“培养能力，让每个孩子拥有更美好的人生”为目标，帮助每个孩子“树立改变世界的远大理想、将兴趣发展成为在未来社会立足的核心能力，追求更美好的人生”。
课程设计以“人文”和“科学”作为核心素质基础，构建多元能力模型，启发兴趣探索，培养孩子通过现象看本质的能力、综合实践能力和跨学科理解力。

【特色课程】
人文创作：将“思辨读书”全面引入课堂，专注孩子学习力、思考力，以及沟通力的培养，帮助孩子认知更大的世界。
科学思维：以“探究”的方法启发思考，让孩子动手感知科学知识、规律和原理，培养“认知力”、“思考力”和“探究力”。
编程与机器人：培养“运用思维”的方法，通过计算思维、逻辑思维、创新思维的提升，更好的将所学知识应用到解决实际问题。

【【在线专属功能】
线上授课：主讲老师面对面互动授课，在线学习；
辅导答疑：辅导老师在线伴学答疑；
无限回放：课程期限内无限次回放；
家长旁听：家长可在线旁听，实时了解孩子学习情况。

【【科技助力课堂】
学习报告：课后生成多维度学习报告，全面分析学习情况；
互动课堂：圆桌会、辩论会、战队PK，学生参与感强、课堂氛围活跃；
智能识别：AI手势表情识别技术，实时识别孩子的课程专注度；
智能语音：AI语音学习系统，互动式对话和智能评测让孩子多说多练。",
cn - 專注,叽里呱啦-专注儿童语言认知发展,"叽里呱啦专注0-6岁认知发展和语言发展，根据孩子的认知特点和语言习得规律提供分级分龄的数字内容。
【专业领域的研发团队，匠心研发】
-覆盖教育学、心理学背景的研发团队;
-针对3-6岁孩子，为叽里呱啦数字内容进行科学适龄的研发
【全面培养孩子表达力，扎实语言基础】
-在AI动画和实景环节中进行大量积累，通过游戏互动培养理解能力;
-超多互动形式花式引导孩子开口表达，培养自主表达能力;
-专业导师和孩子互动阅读，为孩子讲解绘本，培养独立阅读能力和思维能力;
【个性化数字内容路线，孩子满满成就感】
根据孩子的掌握情况，为孩子推荐适合的回顾内容和总结，让孩子以成就感自驱动坚持学习",
us - 專注,Firefox Focus: Privacy browser,"Use Firefox Focus for everything you want to keep separate from your main browser — for all those get in get out and forget about it moments. No tabs, no fuss, no muss. Block ads and online trackers too. One tap, and your browsing history is completely destroyed. 
 
Blocking distracting ads also means faster page loads which means Focus gets you where you want to go a lot faster. Firefox Focus is the perfect get in/get out, search and destroy, I’m on a mission that’s none-of-your-business — web browser. 

NEW DISTRACTION-FREE DESIGN
When you open Focus, you just get the awesome bar and the keyboard for super quick searching. That’s it. No recent history, no past sites, no open tabs, no ads, no distractions. Just a simple, minimal design with menus that make sense.  

ONE TAP TO DELETE HISTORY
Erase your history, passwords and cookies with just a tap of the trash button. 

CREATE SHORTCUTS
Pin up to four shortcuts on your home screen. Get to your favorite site even quicker without typing anything. 

FASTER BROWSING WITH AD BLOCKING & TRACKING PROTECTION
Firefox Focus blocks many ads you’d normally see on web pages so you get much faster page load speeds, which means you get to the stuff you want a lot faster. Focus also blocks a wide range of trackers by default, including social trackers and those sticky ones that come from things like Facebook ads.

BACKED BY A NON-PROFIT
Firefox Focus is backed by Mozilla, the non-profit that fights for your rights on the web, so you can trust it not to sell your data.

LEARN MORE ABOUT FIREFOX WEB BROWSER:

- Read about Firefox permissions: http://mzl.la/Permissions

- Learn more about what’s up at Mozilla: https://blog.mozilla.org

ABOUT MOZILLA

Mozilla exists to build the Internet as a public resource accessible to all because we believe open and free is better than closed and controlled. We build products like Firefox to promote choice and transparency and give people more control over their lives online. Learn more at https://www.mozilla.org.

Privacy Policy: http://www.mozilla.org/legal/privacy/firefox.html","使用Firefox Focus与您要与主要浏览器分开的所有内容 - 因为所有这些人都可以脱颖而出，而忘记了它。没有标签，没有大惊小怪，没有穆斯。块广告和在线跟踪器也是如此。一龙，您的浏览历史被完全破坏了。
 
阻止分心的广告也意味着更快的页面负载，这意味着焦点可以让您更快地进入的位置。Firefox Focus是完美的进取/出门，搜索和销毁，我正在执行一个您的任务，这是您的任务 - 网络浏览器。

新的无干扰设计
当您打开重点时，您只需获得很棒的栏和超级快速搜索的键盘即可。就是这样。没有最近的历史，没有过去的网站，没有开放式标签，没有广告，没有干扰。只是一个简单，最小的设计，菜单有意义。

一点点以删除历史记录
只需点击垃圾按钮即可删除您的历史记录，密码和cookie。

创建快捷方式
在主屏幕上最多可固定四个快捷方式。在不输入任何内容的情况下，更快地到达您喜欢的网站。

通过广告阻塞和跟踪保护更快浏览
Firefox Focus会阻止您通常在网页上看到的许多广告，因此您可以获得更快的页面加载速度，这意味着您可以更快地获得想要的东西。Focus还默认情况下会阻止广泛的跟踪器，包括社交跟踪器和来自Facebook广告之类的粘性跟踪器。

由非营利组织支持
Firefox Focus得到了Mozilla的支持，Mozilla是为您在网络上争取权利而战的非营利组织，因此您可以相信它不要出售您的数据。

了解有关Firefox Web浏览器的更多信息：

 - 阅读有关Firefox权限的信息：http：//mzl.la/permissions

 - 了解有关Mozilla的情况的更多信息：https：//blog.mozilla.org

关于Mozilla

Mozilla的存在是为了构建Internet作为所有人都可以访问的公共资源，因为我们认为开放和自由比封闭和控制要好。我们构建了诸如Firefox之类的产品，以促进选择和透明度，并使人们更多地控制自己的生活。在https://www.mozilla.org上了解更多信息。

隐私政策：http：//www.mozilla.org/legal/privacy/firefox.html"
us - 專注,Focus on the Family App,"Take Focus wherever life takes you. The seasons of your life are always moving forward —singlehood, marriage, parenting, aging well. Through it all, Focus on the Family is alongside you with encouragement and resources, all from a Christian perspective you can trust. To help your marriage. To help you in raising your kids. To help your family thrive in Christ.",将重点放在生活的地方。您人生的季节总是在前进 - 终结，婚姻，育儿，衰老。通过这一切，从基督教的角度来看，专注于家庭的鼓励和资源都可以信任。帮助你的婚姻。帮助您抚养孩子。帮助您的家人在基督里蓬勃发展。
us - 專注,Joyrun - Focus on running,"Join us now:  spread your legs and become one of the billion runners!

Evaluation runner: Write your feelings after running, you can have top shoes for free~ ~
Not only record: know more about every moment when you run. We are yours coach, yours buyer, yours recommender, a race seeding officer, a dating platform, a ......

""Why we choose Joyrun?
Joyrun always insists on accompanying every runner to run more farther, not only the distance but also the time. 7 years Joyrun has been cultivating the running vertical field and how to run without injury. We know more about every moment of users.
- Beginner: Here are a variety of activities. You can really open your legs and enjoy the happiness brought by dopamine after running.
- Hobbyists: Here are rich equipment evaluation, pre-race preparation and post-race recovery plan, so that you can find one-stop solutions.
- Sudiophile: top races at home and abroad, real feelings told by users, strong runner community culture precipitation, so you can always get something here.

Product advantages of ""Joyrun"".
- Equipment experience: All experience runner can experience all kinds of top equipment for free.
- Online activities: the first online marathon, real marathon experience, no medals if you don't finish the race!
- Sharing records: Build a classless running social circle,
- RFT meta-universe: RFT beasts accompany you to run to the future

""Accurate data"" anti-cheating
Every step is accurately recorded, associated with the watch, and easy to start running.
The running circle will accompany you to upgrade and fight together, and go to the peak of the gods.

Joyrun! Build a runner's own culture

Joyrun Membership Instructions for consecutive months
- Order cycle：One Month
- Price：RMB 18/mouth
- Payment：User confirmed to buy, then will paid by iTunes account
- Cancel renewal：If you need Cancel renewal，Please manually turn off the automatic renewal function in the iTunes/Apple ID settings management 24 hours before the current subscription expires
- Renewal：Apple’s iTunes account will be debited within 24 hours before expiration. After the deduction is successful, the subscription period will be extended by one quarter
- Privacy Policy：http://www.thejoyrun.com/protocol.html
- User Agreement：https://www.thejoyrun.com/vipProtocol.html


Joyrun Membership Instructions for consecutive seasons
- Order cycle：One Season
- Price：RMB 58/mouth
- Payment：User confirmed to buy, then will paid by iTunes account
- Cancel renewal：If you need Cancel renewal，Please manually turn off the automatic renewal function in the iTunes/Apple ID settings management 24 hours before the current subscription expires
- Renewal：Apple’s iTunes account will be debited within 24 hours before expiration. After the deduction is successful, the subscription period will be extended by one quarter
- Privacy Policy：http://www.thejoyrun.com/protocol.html
- User Agreement：https://www.thejoyrun.com/vipProtocol.html

Joyrun Membership Instructions for consecutive years
- Order cycle：one year
- Price：RMB 218/ year
- Payment：User confirmed to buy, then will paid by iTunes account
- Cancel renewal：If you need Cancel renewal，Please manually turn off the automatic renewal function in the iTunes/Apple ID settings management 24 hours before the current subscription expires
- Renewal：Apple’s iTunes account will be debited within 24 hours before expiration. After the deduction is successful, the subscription period will be extended by one quarter
- Privacy Policy：http://www.thejoyrun.com/protocol.html
- User Agreement：https://www.thejoyrun.com/vipProtocol.html


Tips:

This app supports iPod Touch and Apple Watch. For the best experience, please use an iPhone device with iOS 9 or later.
This app supports the Apple Health app. After authorization, you can sync your exercise data to the Health app.

Contact us:
- Customer Service：400-960-6662
- Sina Weibo: @Joy run
- WeChat account: joyrunapp
- Email:hi@thejoyrun.com","立即加入我们：张开双腿并成为十亿跑者之一！

评估跑步者：跑步后写下您的感受，您可以免费获得顶级鞋〜〜
不仅有记录：了解您跑步的每一刻。我们是您的教练，您的买家，您的推荐人，种族播种官，约会平台，A ......

“为什么我们选择Joyrun？
Joyrun总是坚持要陪同每个跑步者，不仅距离，而且时间是时间。Joyrun已有7年的时间来培养运行的垂直场以及如何在没有伤害的情况下跑步。我们对用户的每一刻都有更多的了解。
 - 初学者：这里有多种活动。您可以真正张开双腿，享受跑步后多巴胺带来的幸福。
 - 业余爱好者：这里是丰富的设备评估，赛前准备和赛后恢复计划，以便您可以找到一站式解决方案。
-Sudiophile：在国内外，顶级比赛，用户说的真实感受，强大的跑步者社区文化降水，因此您可以随时在这里得到一些东西。

“ Joyrun”的产品优势。
 - 设备经验：所有体验跑步者都可以免费体验各种顶级设备。
 - 在线活动：第一次在线马拉松比赛，真正的马拉松比赛，如果您没有结束比赛，就不会有奖牌！
 - 共享记录：建立一个无类的社交圈，
-RFT Meta-Universe：RFT野兽陪伴您奔向未来

“准确数据”反作战
准确记录了每个步骤，与手表相关联，并且易于开始运行。
跑步圈将陪伴您升级和战斗，并进入众神的峰值。

Joyrun！建立跑步者的文化

JoyRun连续几个月的会员指示
 - 订单周期：一个月
 - 价格：RMB 18/嘴
 - 付款：用户确认购买，然后由iTunes帐户支付
 - 取消续订：如果您需要取消续订，请在当前订阅到期前24小时手动关闭iTunes/Apple ID设置管理中的自动续订功能
 - 更新：苹果的iTunes帐户将在到期前的24小时内借记。扣除成功后，订阅期将延长到四分之一
 - 隐私政策：http：//www.thejoyrun.com/protocol.html
 - 用户协议：https：//www.thejoyrun.com/vipprotocol.html


连续季节的JoyRun会员指令
 - 订单周期：一个季节
 - 价格：RMB 58/口
 - 付款：用户确认购买，然后由iTunes帐户支付
 - 取消续订：如果您需要取消续订，请在当前订阅到期前24小时手动关闭iTunes/Apple ID设置管理中的自动续订功能
 - 更新：苹果的iTunes帐户将在到期前的24小时内借记。扣除成功后，订阅期将延长到四分之一
 - 隐私政策：http：//www.thejoyrun.com/protocol.html
 - 用户协议：https：//www.thejoyrun.com/vipprotocol.html

Joyrun会员指示连续几年
 - 订单周期：一年
 - 价格：RMB 218/年
 - 付款：用户确认购买，然后由iTunes帐户支付
 - 取消续订：如果您需要取消续订，请在当前订阅到期前24小时手动关闭iTunes/Apple ID设置管理中的自动续订功能
 - 更新：苹果的iTunes帐户将在到期前的24小时内借记。扣除成功后，订阅期将延长到四分之一
 - 隐私政策：http：//www.thejoyrun.com/protocol.html
 - 用户协议：https：//www.thejoyrun.com/vipprotocol.html


尖端：

该应用程序支持iPod Touch和Apple Watch。为了获得最佳体验，请使用iOS 9或更高版本的iPhone设备。
该应用支持Apple Health应用程序。授权后，您可以将练习数据同步到健康应用程序。

联系我们：
 - 客户服务：400-960-6662
 - 新手微博：@Joy Run
 - 微信帐户：Joyrunapp
 - 电子邮件：hi@thejoyrun.com"
us - 專注,Be Focused - Focus Timer,"Staying on task seems is a real challenge for our screen-bound generation. The Be Focused lets you get things done by breaking up individual tasks among discrete intervals, separated by short breaks. It’s a surprisingly effective way to retain motivation and focus. Create tasks, configure breaks and track your progress throughout the day, week or custom period.

Key features:
- Start, pause, or skip intervals
- Auto-start the next timer (option)
- Customize the timer settings to maximize productivity:
        • Work interval duration
        • Short break duration
        • Long break duration
        • Number of intervals between long breaks 
        • Target number of intervals per day
- Manage your tasks
- Specify different timer settings for different tasks
- Add notes and due dates to tasks
- Estimate the number of intervals required to complete a task and track the estimation error
- View and manage completed intervals
- Customize reports for fast and easy goal tracking
- Ability to paste a task list from other apps
- Optional chronometer ticking sound
- Customizable frequency of the chronometer sound
- Wide range of alarm sounds
- Ability to adjust alarm and chronometer volumes
- Alarms sound even if the app is in the background
- Interactive notifications
- Live activities for Lock Screen and Dynamic Island
- Widgets for Lock Screen and Home Screen
- Apple Watch support
- One universal app for iPhone, iPad and Apple Watch
- Mac version is also available

Pro version:
- Sync data between iPhone, iPad and Mac *
- Use tags and filters to keep focussed
- Export data to a CSV file
- Auto backup your account data daily
- Integrate with Focus Matrix to manage tasks using urgent/important principle **
- Remove banners and ads

* Sync with Mac requires Be Focused Pro for macOS, sold separately.
** Integration with Focus Matrix requires the Pro version of Focus Matrix, sold separately.","对于我们的屏幕界定一代来说，保持任务似乎是一个真正的挑战。集中精力使您可以通过在离散间隔之间分解单个任务来完成工作，并以短暂的休息为单位。这是一种令人惊讶的有效方法，可以保持动力和专注。创建任务，配置断裂并在一天中跟踪您的进度。

主要特征：
 - 开始，暂停或跳过间隔
 - 自动启动下一个计时器（选项）
 - 自定义计时器设置以最大化生产率：
        •工作间隔持续时间
        •短期持续时间
        •长时间休息时间
        •长休息之间的间隔数
        •每天的目标间隔数
 - 管理您的任务
 - 为不同任务指定不同的计时器设置
 - 添加笔记和任务日期
 - 估计完成任务所需的间隔数量并跟踪估计错误
 - 查看和管理完成的间隔
 - 自定义报告，以快速，简单的目标跟踪
 - 能够从其他应用程序粘贴任务列表
 - 可选的计时台滴答声音
 - 计时仪声音的可自定义频率
 - 各种警报声音
 - 调整警报和计时量表的能力
 - 警报听起来即使应用在后台
 - 交互式通知
 - 锁屏和动态岛的现场活动
 - 锁屏和主屏幕的小部件
 -  Apple Watch支持
 -  iPhone，iPad和Apple Watch的一个通用应用程序
-Mac版本也可用

Pro版本：
 -  iPhone，iPad和Mac之间的同步数据 *
 - 使用标签和过滤器保持重点
 - 将数据导出到CSV文件
 - 每天自动备份您的帐户数据
 - 与焦点矩阵集成以使用紧急/重要原则管理任务**
 - 删除横幅和广告

*与Mac同步需要将MACO的专业人士分开出售。
**与焦点矩阵集成需要分别销售的焦点矩阵版本。"
us - 專注,Grateful: A Gratitude Journal,"According to researchers at the Harvard Medical School, “Gratitude helps people feel more positive emotions, relish good experiences, improve their health, deal with adversity, and build strong relationships.” Grateful was created to make expressing gratitude in your life both easy and fun, as well as to remind you,  during those down moments, of the many blessings in your life (that you've documented in Grateful). 

*Daily Prompts to Start You Off*
With its simple interface and daily prompts, Grateful is designed to make reflection and giving thanks both a joyful and easy process.  Daunted by a blank page? Not quite sure where to start? Grateful will greet you with one question, such as. 'What made you smile today'? or 'What made today a good day?'. All you have to do is answer. It can be a simple word. Or a simple paragraph. Grateful allows for both. You can also add a photo to support your thoughts.

*Easy to Browse your Past Entries*
Grateful's simple  journal feed  lets you browse your entries by TIME or by PROMPT. Want to see all the things that made you smile this year? Jump to those entries in your timeline. Want to see what your state of mind was last January? Jump to that month in your timeline.

*Our Prompts or Yours*
Grateful gives you the flexibility to make the journal truly yours. When sit down to write an entry, Grateful will start you off with a prompt. You have the option of:
1.) Answering the prompt
2.) Choosing a different prompt
3.) Writing your own prompt

*Totally Private*
No sign ups. No logins. No Facebook integration. All you data resides only on your device.

FREE Features:
• 15 journal entries
• Unlimited reminders
• No login of any kind required. This journal is for you only.
• Each session starts with a prompt, making writing easy.
• Grateful lets you answer the prompt and also save any additional thoughts for later reading.
• Ability to edit past entries
• Customize your timeline - show entries by time, prompt, tag, or randomly

Additional PREMIUM Features 
(available with one-time upgrade or with a Growth Bundle subscription):
• Unlimited entries (Free version allows 15 entries)
• Data backup with Dropbox and iCloud
• Passcode with Face ID for added privacy security 
• Ability to create your own prompts to answer
• Export your entries to file (PDF or CSV format)

Grateful‘s GROWTH BUNDLE is an optional monthly or annual subscription. If you choose to upgrade, payment will be charged to iTunes Account at confirmation of purchase. Subscription automatically renews unless auto-renew is turned off at least 24-hours before the end of the current period. Account will be charged for renewal within 24-hours prior to the end of the current period, for the chosen plan's price.

Subscriptions may be managed and auto-renewal may be turned off by going to your iTunes/App Store Account Settings after purchase.  No cancellation of the current subscription is allowed during active subscription period. 

Read more about our Terms of Service and Privacy Policy here:

• Terms of Service: https://growthbundle.com/terms-of-service/
• Privacy Policy: https://growthbundle.com/privacy-policy/","根据哈佛医学院的研究人员的说法，“感恩帮助人们感受到更积极的情绪，享受良好的经验，改善健康，应对逆境并建立牢固的关系。”感恩的是为了在您的生活中表达感激之情，并提醒您，在那些沮丧的时刻，您生活中的许多祝福（您已经记录在Gretful中）。

*每日提示开始您*
Gretful凭借其简单的界面和每日提示，旨在进行反思，并感谢一个快乐而简单的过程。被空白页吓坏了吗？不确定从哪里开始？感恩将向您致意一个问题，例如。“是什么让你今天微笑了”？或“是什么让今天成为美好的一天？”。您要做的就是回答。这可能是一个简单的词。或简单的段落。感恩允许两者都可以。您还可以添加照片以支持您的想法。

*易于浏览过去的条目*
Greatful的简单日记供稿可让您按时间或提示浏览条目。想看看所有让您今年微笑的东西吗？跳到时间表中的那些条目。想看看你去年一月的心态吗？在您的时间表中跳到那个月。

*我们的提示或你的*
感谢您可以灵活地使日记真正地成为您的日记。坐下来写一个条目时，感恩将从提示开始。您可以选择：
1.）回答提示
2.）选择不同的提示
3.）写自己的提示

*完全私人*
没有注册。没有登录。没有Facebook集成。所有数据仅位于设备上。

免费功能：
•15个日记条目
•无限提醒
•不需要任何形式的登录。该日记仅适合您。
•每个会话从提示开始，使写作变得容易。
•感谢您回答提示，还可以节省任何其他想法，以供以后阅读。
•能够编辑过去的条目
•自定义时间轴 - 按时间，提示，标签或随机显示条目

其他高级功能
（一次性升级或增长捆绑订阅）：
•无限条目（免费版本允许15个条目）
•使用Dropbox和iCloud的数据备份
•带面部ID的密码增加隐私安全性
•能够创建自己的提示来回答
•将您的条目导出到文件（PDF或CSV格式）

感恩的增长捆绑包是可选的每月或年度订阅。如果您选择升级，则确认购买时将向iTunes帐户收取付款。订阅自动续订，除非自动续订在当前时期结束之前至少24小时关闭。将在本期结束前24小时内以续签的价格收取帐户，以按所选计划的价格收取续期费用。

可以管理订阅，并且可以通过购买后转到iTunes/app Store帐户设置来关闭自动续订。在主动订阅期间，不允许取消当前订阅。

在此处阅读有关我们服务条款和隐私政策条款的更多信息：

•服务条款：https：//growthbundle.com/terms-of-service/
•隐私政策：https：//growthbundle.com/privacy-policy/"
de - 專注,Dots Order2 - Dual Orbits,"Sie müssen sich in beide Richtungen auf die Punkte konzentrieren und sie schnell schießen. Es ist ein sehr schwieriges Spiel, Sie können viele Male scheitern, aber immer noch ein lustiges Spiel.

Sie können sehen, dass der Spielbildschirm einer Galaxie sehr ähnlich ist. In der Mitte befindet sich ein großer Kern und bis zu 4 Spuren umgeben ihn. Und es gibt 2 Punktbahnen in beide Richtungen.
Wir müssen die Punkte auf diese Spuren schießen und diese Punkte werden auf den Spuren mit derselben Farbe ausgeführt.
Tippen Sie auf den Bildschirm, um die Punkte auf beiden Seiten der Spuren zu schießen. Denken Sie daran, keine anderen Punkte auf den Spuren zu treffen.
All diese Punkte werden wie ein stellares Punktsystem laufen. Irgendwann wird es einige Fans geben, die die Tracks covern. Das macht das Spiel nur schwieriger.

Spielanleitung
Tippen Sie auf den Bildschirm, um die ersten Punkte in beide Richtungen aufzunehmen.
Schieße alle Punkte auf die Laufbahnen, um das Level zu bestehen.
Brechen Sie nicht auf andere Punkte in den Tracks ein.

Tipps
Die innere Spur ist schwieriger, die Punkte zu senden, achten Sie mehr auf diese Spuren.
Wenn Sie vom Ventilator bedeckt sind, schießen Sie nicht blind. Der Zeitpunkt der Aufnahme kann durch Beobachten der belichteten Spur bestimmt werden.
Klicken Sie in der Einstellungsoberfläche auf die Augenschaltfläche, um in den farbenblindheitsfreundlichen Modus zu wechseln.

Der mittlere Kern kann sich schnell oder langsam drehen, und mehr Punkte, die auf dem Ringspiel laufen, werden schwieriger. Das Wichtigste beim Spielen dieses Spiels ist es, das Timing des Schießens zu beherrschen. Wenn Sie alle Punkte ohne zu zögern schießen und durch alle gehen können Levels, du bist ein würdiger Meister! Kommen Sie und erleben Sie es!","您必须在两个方向上专注于点并迅速射击。这是一个非常困难的游戏，您可能会失败多次，但仍然是一个有趣的游戏。

您会看到银河系的游戏屏幕非常相似。中间有一个很大的核心，最多包围了4个痕迹。两个方向都有2分。
我们必须在这些迹线上拍摄点，这些点是在轨道上以相同的颜色进行的。
点击屏幕以拍摄轨迹两侧的点。请记住不要在赛道上达到其他点。
所有这些点将像出色的点系统一样运行。在某个时候，会有一些粉丝涵盖曲目。这使游戏更加困难。

游戏说明
点击屏幕以在两个方向上记录第一个点。
将职业生涯的所有要点置于水平上。
不要突破轨道中的其他要点。

尖端
内部轨道更难发送点，更多地关注这些痕迹。
如果您被风扇覆盖，请不要盲目射击。记录时间可以通过观察暴露轨道来确定。
在设置表面中，单击“眼”按钮以切换到颜色-blind -lightryly模式。

中芯可以快速或缓慢转动，并且在戒指游戏上运行的更多点变得越来越困难。玩此游戏时最重要的是掌握拍摄的时机。如果您毫不犹豫地射击所有要点，并且可以通过所有人，那么您就是一个有价值的主人！快来体验！"
cn - 番茄,番茄小说 - 热门全本小说电子书阅读器,"【抖音旗下】 番茄小说是抖音推出的免费阅读产品，提供海量正版小说。免费好书，尽在番茄！
【正版免费】 海量正版内容免费阅读，用好故事影响更多人。热门分类，都市爽文、言情穿越、玄幻修仙、武侠世界……你想看的这里都有。 
【听书畅读】番茄小说AI朗读由火山语音团队提供技术支持，为了让AI音色接近真人播讲的效果，在合成音质、韵律重音、语气语调等多个方向上都进行了模型探索和优化，为用户提供了高度拟人的沉浸式听书体验。不仅如此，番茄小说AI朗读还打造了风格多元的音色矩阵，能适配小说人物的不同人设，表达出开心、悲伤等多种情感，让AI音色恰当地表现出故事中的喜怒哀乐。让听书更有沉浸感。同时，还推出多角色对话新音色，是根据角色设定，为小说的人物匹配不同的音色进行对话，具备更佳的演绎效果及沉浸体验。
【社区】书荒广场：番茄小说书荒广场已正式面向全量用户上线，致力于为万千书友提供一个好书互助社区，读者可以在这里推荐好书、交流感悟、分享互助。
优质书圈：番茄小说书圈功能，旨在通过此功能为喜爱某一本书的读者提供更为集中的讨论空间。用户可以在喜欢的书籍圈子中对该书进行全方位的剧情推理和角色讨论。
【番茄原创】番茄小说网是抖音旗下原创文学平台，致力于挖掘和培育优秀的原创网络文学作家。与番茄小说网签约的作品，将有机会在番茄小说、抖音、今日头条等App中分发给过亿用户。依托番茄小说
【广告+免费】的阅读模式，签约作家有机会获得丰厚的广告分成收入。此外，平台还提供全勤奖励、版权衍生开发等奖励福利与多元变现方式，并为优秀原创作家提供大量宣传和包装资源。
会员自动续期订阅说明
 - 连续包月会员
 - 订阅周期：1个月
 - 订阅价格：每月19元
 - 付款：连续包月会员为自动续费商品，用户确认购买并付款后记入 iTunes 账户。
 - 续订：苹果iTunes账户会在到期前24小时内扣费，扣费成功后订阅周期顺延一个订阅周期。
 - 取消续订：打开苹果手机“设置” →进入“iTunes Store 与 App Store” → 选择“Apple ID” → 点击“查看 Apple ID” → 在账户设置页面点击“订阅” → 取消订阅。
隐私协议：https://reading.snssdk.com/wap/dr-privacy-v3.html
会员服务协议：https://reading.snssdk.com/wap/dr-vip-protocal-v2.html",
cn - 番茄,番茄ToDo-极简高效自律番茄钟,"极简清新强大的学霸模式&番茄工作法&习惯养成工具，保持专注，拒绝低头族。
==获得最美应用推荐的番茄钟==
学霸模式：帮你暂时远离手机，抵制分心，专注当下。配合优美的白噪音在强大心流中高效学习工作
量化习惯管理：使用计时器量化你的每日习惯，完成一万小时计划很真的简单
强制提醒：一直不间断提醒到您完成所计划的待办为止，专治拖延症，不做手机控
高清白噪音：超高清的立体声白噪音资源，在舒缓优美的音乐中完成你的一万小时计划吧~
番茄自习室：和小伙伴在同一自习室 PK 专注时间，一起提升自我
统计数据：不仅有完善的数据统计模块，还可将时长计入 Apple Health 中「正念训练」

功能完备：待办清单，番茄钟，白噪音，到点提醒，工作数据分析展示，个性化设置（背景音，背景色，番茄时间，休息时间）等等功能一应俱全，只为认真生活的你。 

极简风：界面简洁美观，操作逻辑清晰简单，学习成本为0。优化大部分操作，以流畅的动画进行衔接，将操作过程最简化。

番茄工作法的关键是规划，追踪，记录，处理，以及可视化。您可以在此App中完成全部的番茄工作法流程，并随时查看记录，总结提高。",
cn - 番茄,番茄畅听-海量小说全场畅听,"【抖音旗下】海量正版小说，全场畅听。抖音推出的官方免费音频产品。
【正版畅听】都市爽文、悬疑惊悚、言情穿越、玄幻修仙、武侠江湖 . . . . 超全分类，你想听的全都有。
【超多福利】听书福利签到福利、吃饭福利，天天畅享福利拿不停，随时随地提现到账。
【精彩内容】经典音乐、搞笑段子、睡前助眠、亲子读物应有尽有，足不出户领略大千世界。
【兴趣推荐】根据你的性别和喜好，为你推荐爱看的好书。轻松选书，拒绝书荒！



会员自动续期订阅说明－连续包月会员
－订阅周期：1个月
－订阅价格：每月20元
－付款：连续包月会员为自动续费商品，用户确认
购买并付款后记入iTunes 账户。－ 续订：苹果iTunes账户会在到期前24小时内扣
费，扣费成功后订阅周期顺延一个订阅周期。－取消续订：打开苹果手机“设置”→进入“iTunes
Store与App Store”→选择“Apple ID”→点击“查看Apple ID”→在账户设置页面点击“订阅”→
取消订阅。
隐私协议：https://novelfm.snssdk.com/novelfm_offline/novelfm/page/privacy.html
会员服务协议：https://novelfm.snssdk.com/novelfm_offline/novelfm/page/vip-protocal.html
会员自动续费服务规则：https://lf9-cdn-tos.draftstatic.com/obj/ies-hotsoon-draft/novelfm-law/continuous_vip_rules_ios.html",
cn - 番茄,番茄电影-影视大片高清视频,"番茄电影——中国高品质影视视频娱乐服务提供者。

秉承“口袋中的私人电影院”的品牌口号，为用户提供丰富、高清、流畅的专业视频体验，致力于让用户平等、便捷地获得更多、更好的视频。

番茄电影高品质、重体验品牌调性深入人心，网罗了广大的在意内容品质用户群体。让“在家看电影”进入真正意义上的全类别、高品质时代。主张人们对高品质生活细节的追求。

番茄电影精选海内外高品质内容，每日更新时下新片、热门电影。不仅包含科幻、悬疑、剧情、喜剧等众多基础品类，还通过个性化推荐版块，为热爱电影的人提供更为垂直、多元的电影内容！

【番茄电影会员自动订阅服务服务和说明】
1、订阅服务：番茄电影会员连续包月（1个月）、番茄电影会员连续包季（3个月）、番茄电影会员连续包周（1周）
2、订阅价格：连续包月产品为12元/月，连续包季产品为24元/月，连续包周产品为5元/月，
3、付款：用户确认购买并付款后计入iTunes帐户
4、苹果iTunes帐户会在到期前24小时内扣费，扣费成功后订阅周期顺延一个订阅周期
5、如需取消订阅，请打开苹果手机“设置”—进入“iTunes Store与App Store”—点击“Apple ID”，选择“查看 Apple ID”，进入“帐户设置”页面，点击“订阅”，选择番茄电影会员取消订阅。如未在订阅期结束的至少24小时前关闭订阅，此订阅将会自动续订
6、服务协议（连续包月服务规则）：https://h5.fqfilm.com/#/art/renew
7、隐私协议：https://h5.fqfilm.com/#/static/protocol/2",
cn - 番茄,潮汐 - 睡眠、冥想、专注白噪音，番茄任务与睡眠监测,"潮汐是一款睡眠、冥想、放松与专注的身心健康应用。我们从旅行、大自然与冥想中获得灵感，在潮汐中提供了自然声音、冥想练习等海量音频内容，帮助你从快节奏的当下抽离，进入另一个平和安静的时空——减少焦虑与压力、保持专注平静、冥想片刻放松思绪，获得更好的睡眠。

#潮汐适合以下人群#
- 睡眠不好、深受失眠困扰的都市人群
- 常常分心、无法专心致志的拖延症患者
- 身处嘈杂环境、经常被打断的创意人
- 长期焦虑、精力疲惫的高压人群
- 追求平和身心的冥想练习者
- 希望成为更好自己的你

#特色功能#
1. 睡眠与小憩：和万物声音一起入眠
- 睡眠与小憩模式，白天小憩、夜晚长睡
- 轻柔唤醒的闹钟铃声，每一次醒来都是美好的
- 睡眠数据分析，对自己的每一次睡眠了如指掌

2. 专注计时器：开启沉浸的专注时光
- 番茄工作法：专注 25 分钟，休息 5 分钟，劳逸结合
- 沉浸专注模式，帮你治疗手机依赖症
- 自定义时长：打造适合不同场景的专属计时器

3. 放松呼吸引导：帮助你学会正确呼吸
- 平衡呼吸：适用于平复情绪、缓解压力
- 4-7-8呼吸：适用于放松身心、快速入眠

#精选内容#
4.  放松冥想：为你的大脑按下暂停键
- 将专业冥想课程融入日常生活，随时随地来一场大脑体操
- 沉浸冥想空间：从内容到界面，由内而外的沉浸与沉静
- 基础冥想包括：呼吸练习、身体扫描、思维训练、情绪感知等
- 场景冥想包括：快速入眠、学习压力、孤独、午休、减压、沮丧、晚安、通勤等

5. 自然声音：和大自然一起平静身心
- 精选高清万物声音，为你创造不同的自然时空体验
- 独创音乐融合播放功能，一边听歌一边聆听大自然
- 声音场景包括：雨天、海洋、雷雨、森林、流水、远山、林风、夜海、长路等

6. 睡眠故事：专为你的睡意而生
- 用故事带你去旅行，美好放松，陪伴你的睡前时光
- 以自然和艺术为灵感，滋养忙碌一天后的疲惫心灵
- 电影级别的音效制作，为你呈现声音慢剧场
- 睡眠故事包括：日落西西里、冰川快车、夏日牧歌、夜游者、盲女、清明上河图等

7.  每日灵感格言：极简平静的身心体验
- 每日精选灵感格言，致敬每一个认真生活的人
- 日帖日历，支持翻阅过去的格言与图片
- 随时光流逝变幻的问候语，在潮汐里等待着你

#更多#
8.  潮汐日记：记录你的每一个平静时刻
- 可视化的数据日记，记录你在潮汐的点滴时光
- 精美设计的分享卡片，留下彼时彼刻的平静体验

9.  极简设计：少即是多的设计美学
- 极致简洁的界面设计
- 随时光流逝变化的情感动效
- 为不同文字优化的字体排印
- 支持 iPad Pro 分屏浏览、多任务与横屏模式

#所获荣誉#
- App Store 2017 与 2016 年度精选
- 苹果官方「最佳新 App」首页推荐
- 少数派（sspai.com）编辑推荐
- 爱范儿旗下 AppSolution 重点推荐
- 好奇心日报「今日应用」推荐
- BusinessInsider 专题报道

#用户声音#
- 用过很多同类番茄工作法和白噪音 app，这个的风格跟 muji to relax 有些类似，但是更自然优雅。简单易操作，适合工作和学习使用。—— yon73
- 简洁好用！即是番茄钟，又有白噪音，喜欢！因为这个app正在纠结到底要不要继续用 forest 了 —— 陈毛毛710522
- 最被需要的 App。这个理念太好了，现在最被需要。希望开发者坚持简单纯真的风格，做极简的番茄工作法，少些花哨，我们本来就太嘈杂了。—— 花咪夫人
- 视觉享受！App 的图标就超赞，界面视觉上也非常舒适。潮汐的白噪音我特别喜欢，听着就很舒服，以前每次进入番茄钟都会很挣扎，想着又要 25 分钟，现在就特别想听海水的声音，真的很喜欢这款番茄工作法的 App —— Neshow
- 无依无靠的心灵需要声音的陪伴。就是像标题所写的那样，孤独的心灵没有排解的方式，这样的白噪音伴我入眠。—— 门前一棵松
- 潮汐是我手机里唯一让我温暖平和的存在。—— 陈鲸鱼
- 最被需要的 App，白天专注放松、夜晚助眠冥想，现代人的一剂良药。—— Shannon

————————
- 潮汐已接入 HealthKit，可同步健康数据到「健康」应用；
- 支持 Siri 捷径，语音指令直接唤醒潮汐；
- 已适配iOS16锁屏小组件

#自动续订说明#
针对不同地区，潮汐提供了不同的自动订阅选项，具体选项请查看会员页面。

其他规则：
- 确认购买后，将向您的 iTunes 帐户收款
- 订阅会自动续订，除非在本期结束前 24 小时关闭自动续订
- 在本期结束前的24小时内，将向你的 iTunes 账号收取费用
- 你可以在iTunes帐户设置中关闭和管理自动续订功能
- 若在试用期内购买，试用期将会提前结束

相关协议：
- 会员服务协议：https://tide.fm/terms/zh-Hans/member.html
- 服务条款：https://tide.fm/terms/zh-Hans/tos.html
- 隐私协议：https://tide.fm/terms/zh-Hans/privacy.html

————————
你的每一个意见和建议都会让潮汐变得更好，我们期待听到你的声音。

意见反馈：hi@moreless.io
加入我们：join@moreless.io

官方微博：@潮汐APP
官方微信公众号：潮汐时刻 / tidehour",
us - 番茄,Fandango – Buy Movie Tickets,"Download Fandango – the #1 movie ticketing app with over 2 million 5-Star Reviews! Available across iOS devices including iPhone, iPad, iMessage and Apple Watch! Buy movie tickets, watch the newest trailers, browse Rotten Tomatoes® scores, and find the best showtimes and seats for more than 31,000 screens nationwide.

• BUY MOVIE TICKETS: Get your tickets ahead of time to skip the box office line and secure the best seats to the biggest movies. Save time with mobile tickets using your iPhone’s Apple Wallet or Apple Watch for quick and easy entry.

• FREE ACCOUNT: Checkout as a Guest or sign up for free for a faster, more convenient ticketing experience. Save your favorite movies, preferred theaters, payment info, and theater rewards account information while earning Fandango VIP+ rewards with each ticket.

• GET FANDANGO & THEATER REWARDS: Earn/redeem theater loyalty points AND Fandango VIP+ loyalty points. Create a free account to get a $5 reward for every 4 tickets towards Fandango movie tickets or Vudu on demand streaming. Enjoy even more rewards by linking your favorite theater reward programs like AMC Stubs, Regal Crown Club, Cinemark Movie Rewards, and more!

• SELF-SERVICE REFUNDS & EXCHANGES: If plans change, you can easily refund or exchange your tickets before the theater’s deadline with self-service refunds.

FANDANGO APP FEATURES: 

• SEARCH TODAY’S SHOWTIMES: Use the In Theaters Today time filter to quickly scan today’s showtimes across multiple theaters for selected time ranges.

• CHECK AVAILABLE SEATS: Use Seat Map Preview to easily check seat availability for all showtimes and find the best seats before purchasing your movie tickets.

• BROWSE MOVIES: Check out the latest movies in theaters and coming soon, browse Rotten Tomatoes® scores, and be the first to know when tickets go on sale with FanAlert™ email notifications. 

• WATCH MOVIE TRAILERS: Check out the latest trailers for new and upcoming movies. Like what you see? Just one tap to find the best seats or be notified when tickets go on sale.

• BROWSE THEATERS NEAR YOU: Find nearby theaters and showtimes instantly, view all theater amenities, and save your favorite theaters for easy access.

• ASK SIRI: Set shortcuts to retrieve your movie tickets, view specific movie times, and check theater locations.

• PLAN THE PERFECT MOVIE NIGHT: Make and share movie plans with Fandango for iMessage. Easily split payments with friends and get paid back with PayPal or Venmo, no more IOUs.

Fandango’s partners are the nation’s leading exhibitors, including AMC Theatres, Regal Cinemas, Cinemark, Marcus Theatres, Harkins Theatres, and many other innovative theater chains and independent cinemas. Together, these exhibitors represent more than ninety percent of the nation's theaters with online ticketing capabilities.

By downloading, installing & using this App, you agree to Fandango's Privacy Policy (https://www.fandango.com/policies/privacy-policy) and Terms and Policies (https://www.fandango.com/policies/terms-and-policies). Your Privacy Choices: https://www.fandango.com/donotsellmyinfo. For a summary of our information practices, please see our California Notice (https://www.fandango.com/policies/privacy-policy#personal-information-we-collect-and-purposes).

Thanks for using our app! For customer support, please visit: https://www.fandango.com/help","下载Fandango  - 超过200万星评论的＃1电影票务应用程序！跨iOS设备（包括iPhone，iPad，Imessage和Apple Watch）提供！购买电影票，观看最新的预告片，浏览烂番茄®分数，并找到全国31,000多个屏幕的最佳放映时间和座位。

•购买电影票：提前获取门票，以跳过票房，并确保最大的电影席位。使用iPhone的Apple Wallet或Apple Watch节省移动门票的时间，以便快速轻松进入。

•免费帐户：查看客人或免费注册以获得更快，更方便的票务体验。在每张门票中赚取Fandango VIP+奖励的同时，保存您喜欢的电影，首选剧院，付款信息和剧院奖励帐户信息。

•获得Fandango＆Theatre Rewards：赚取/兑现剧院的忠诚点和Fandango VIP+忠诚度点。创建一个免费帐户，每4张门票获得5美元的奖励，或者按需流式传输vudu。通过链接您最喜欢的剧院奖励节目，例如AMC Stubs，Regal Crown Club，Cinemark Movie Rewards等，享受更多的奖励！

•自助退款和交流：如果计划发生变化，您可以在剧院截止日期之前轻松退款或交换票，并获得自助退款。

Fandango应用程序功能：

•搜索今天的放映时间：使用今天的剧院使用时间过滤器来快速扫描今天在多个剧院的播放时间，以获取选定的时间范围。

•检查可用的座位：使用座位地图预览可轻松查看所有放映时的座位可用性，并在购买电影票之前找到最佳的座位。

•浏览电影：在剧院中查看最新电影，即将上映，浏览腐烂的西红柿分数，并是第一个知道何时使用Fanalert™电子邮件通知开始售票的人。

•观看电影预告片：查看新电影和即将上映的电影的最新预告片。喜欢你看到的？只需轻按一下即可找到最好的座位，或者当门票开始销售时通知。

•浏览您附近的剧院：立即查找附近的剧院和放映时间，查看所有剧院设施，并保存您最喜欢的剧院，以便于访问。

•询问Siri：设置快捷方式以检索您的电影票，查看特定的电影时间并查看剧院位置。

•计划完美的电影之夜：与Fandango制作和分享电影计划。很容易与朋友分付款，并与PayPal或Venmo一起偿还，不再是IOUS。

Fandango的合作伙伴是美国领先的参展商，包括AMC剧院，Regal Cinemas，Cinemark，Marcus剧院，Harkins剧院以及许多其他创新的剧院连锁店和独立的电影院。这些参展商共同代表了该国拥有在线票务功能的90％以上的剧院。

通过下载，安装和使用此应用程序，即表示您同意Fandango的隐私政策（https://www.fandango.com/policies/privacy-policy/privacy-policy）和条款和政策（https://wwww.fandango.com/policies/policies/terms/terms/terms/terms- - 和policies）。您的隐私选择：https：//www.fandango.com/donotsellmyinfo。有关信息实践的摘要，请参阅我们的加利福尼亚通知（https://www.fandango.com/policies/privacy-policy-policy#personal-information-we-collect-and-purposes）。

感谢您使用我们的应用！有关客户支持，请访问：https：//www.fandango.com/help"
us - 番茄,Flixster - Showtimes + Tickets,"Download Flixster, with ticketing powered by Fandango - Available across iOS devices including iPhone and iPad!
  
Stay in the know with the latest movie news, discover movies at home, browse Rotten Tomatoes® scores, find the latest showtimes and guarantee tickets to the right movie at the right time with ticketing to more than 30,000 screens nationwide. Plus, sign up for our Fandango VIP+ loyalty program to buy movies and get movies.
 
GUARANTEE TICKETS & SKIP THE BOX OFFICE LINE: Get your tickets ahead of time to secure the best seats to the year’s biggest movies with reserved seating. Save time and skip the box office line when you scan your Mobile Ticket using your iPhone, with ticketing by Fandango.
 
BROWSE MOVIES + THEATERS: Get the latest movie news right at your fingertips, watch the latest trailers and browse Rotten Tomatoes® scores. Find nearby theaters instantly, save your favorites for easy access & view all theater amenities. 

DISCOVER MOVIES: Movies don’t stop in the theater. Discover what movies are available at home and where to watch them.
 
PLAN THE PERFECT MOVIE NIGHT: Enjoy fast and secure checkout with Apple Pay. Easily split the tickets with friends and get paid back with PayPal or Visa Checkout. No more IOUs. If plans change, you can always refund or exchange your tickets. It’s no problem!

GET THE VIP TREATMENT: With Fandango VIP+ when you buy more, you get more. Every 4 tickets = $5 for you. No restrictions. No membership fees. Just rewards. It’s that simple. Plus, score extra VIP perks like free screenings, discounts and exclusive offers.

NEW EMAIL SIGN IN: Signing in to Flixster is now easier than ever! No password required. One email. One tap. You’re in!

Flixster’s partners are the nation’s leading exhibitors, including AMC Theatres, Regal Cinemas, Cinemark, Marcus Theatres, Harkins Theatres, and many other innovative theater chains and independent cinemas. Together, these exhibitors represent more than ninety percent of the nation’s theaters with online ticketing capabilities.
 
By downloading, installing & using this App, you agree to Fandango’s Privacy Policy (https://www.fandango.com/policies/privacy-policy) and Terms and Policies (https://www.fandango.com/policies/terms-and-policies). Your Privacy Choices: https://www.fandango.com/donotsellmyinfo.
 
Thanks for using our app! We appreciate your feedback and would love to hear from you. Send suggestions and issues to: iphoneappcomments@fandango.com","下载Flixster，并提供由Fandango提供动力的票务 - 在包括iPhone和iPad在内的iOS设备上可用！
  
在最新的电影新闻中保持知识，在家中发现电影，浏览腐烂的番茄分数，找到最新的播放时间，并保证在正确的时间售票，并在全国范围内有30,000多个屏幕。另外，请注册我们的Fandango VIP+忠诚度计划，以购买电影和电影。
 
保证门票并跳过票房线：提前获取门票，以确保拥有预留座位的最大电影中的最佳席位。使用iPhone扫描移动机票时，请节省时间并跳过票房线，并在Fandango的票务下进行票务。
 
浏览电影 +剧院：触手可及的最新电影新闻，观看最新的预告片并浏览腐烂的番茄®分数。立即查找附近的剧院，保存您的收藏夹，以便于访问并查看所有剧院设施。

发现电影：电影不在剧院里停止。发现在家中有哪些电影以及在哪里看。
 
计划完美的电影之夜：享受Apple Pay的快速和安全结帐。轻松与朋友分开门票，并通过PayPal或Visa Checkout偿还。不再有ious。如果计划更改，您总是可以退款或交换门票。没问题！

获得VIP处理：使用Fandango VIP+购买更多时，您会得到更多。每4张门票=您$ 5。无限制。没有会员费。只是奖励。这很简单。另外，还要为额外的VIP津贴（例如免费放映，折扣和独家报价）获得额外的贵宾津贴。

新的电子邮件登录：现在比以往任何时候都更容易登录Flixster！无需密码。一封电子邮件。一点点。你在！

Flixster的合作伙伴是美国的主要参展商，包括AMC剧院，Regal Cinemas，Cinemark，Marcus剧院，Harkins剧院以及许多其他创新的剧院连锁店和独立的电影院。这些参展商共同代表了该国拥有在线票务功能的90％以上的剧院。
 
通过下载，安装和使用此应用程序，即表示您同意Fandango的隐私政策（https://www.fandango.com/policies/privacy-policy/privacy-policy）和条款和政策（https://wwww.fandango.com/policies/policies/terms/terms/terms/terms- - 和policies）。您的隐私选择：https：//www.fandango.com/donotsellmyinfo。
 
感谢您使用我们的应用！我们感谢您的反馈，并希望收到您的来信。将建议和问题发送到：iphoneappcomments@fandango.com"
us - 番茄,IMDb: Movies & TV Shows,"IMDb is the world's most popular and authoritative source for movie, TV, and celebrity information. Watch trailers, get showtimes, and buy tickets for upcoming films. Rate and review shows you've seen and track what you want to watch using your Watchlist. IMDb takes you behind the scenes with exclusive IMDb Originals, celebrity interviews, and more. Stay up to date with entertainment news, awards, and events.

Discover what to watch - and where to watch it:
• Browse popular favorites and personalized top picks
• Compare watch options to find the best place to watch any title
• Read user and critic reviews
• Watch the latest trailers, IMDb Originals, and clips

Sign in to:
• Get personalized recommendations for shows and movies
• Track what you want to watch with your Watchlist
• Rate and review what you've watched
• Save your favorite theaters
• Create and share lists of movies, shows, and celebrities

Explore:
• Search for more than 6 million shows, movies, and entertainment programs - and more than 10 million cast and crew members
• Read breaking entertainment news
• Browse quotes, trivia, and goofs
• Get complete event coverage from the Academy Awards (Oscars), Golden Globes, Emmys, San Diego Comic-Con, film festivals, and more
• Check out Best Picture winners, top rated movies, popular shows, celebrity birthdays, and more
• Receive notifications for the latest trailers, movie showtimes, and breaking news

Check showtimes and buy local movie tickets:
• Use your current location to get nearby showtimes
• Sort movie showtimes by start time, end time, genre, rating, and more
• Buy tickets directly from your phone or tablet

IMDb is available worldwide in English (US/UK), Spanish, German, French, Portuguese, Italian, Japanese, Korean, and Chinese.

Do you think we're doing something well? Is there something we've overlooked? Please post your feedback at http://spr.ly/IMDbApp_iOS

By using this app, you agree to IMDb's Conditions of Use (https://www.imdb.com/conditions?ref_=ft_cou) and Privacy Notice (https://www.imdb.com/privacy).","IMDB是电影，电视和名人信息的世界上最受欢迎，最有权威的来源。观看预告片，获取放映时间，并购买即将上映的电影的门票。评分和评论显示您已经看到并跟踪使用监视列表要观看的内容。IMDB带有独家IMDB原件，名人访谈等等，带您在幕后。与娱乐新闻，奖项和活动保持最新状态。

发现要观看的内容 - 在哪里观看：
•浏览流行的最爱和个性化的首选
•比较手表选项，以找到观看任何标题的最佳场所
•阅读用户和评论家评论
•观看最新的预告片，IMDB原件和剪辑

登录到：
•获得节目和电影的个性化建议
•跟踪您想使用的监视列表观看的内容
•评分并查看您所观看的内容
•保存您最喜欢的剧院
•创建和分享电影，表演和名人的清单

探索：
•搜索超过600万场演出，电影和娱乐节目 - 以及超过1000万的演员和工作人员
•阅读Breaking Entertainment新闻
•浏览报价，琐事和愚蠢
•获得奥斯卡奖（奥斯卡奖），金球奖，艾美奖，圣地亚哥动漫展，电影节等的完整活动报道
•查看最佳图片获奖者，顶级电影，受欢迎的节目，名人生日等等
•收到有关最新预告片，电影放映和突发新闻的通知

检查放映时间并购买当地电影票：
•使用您当前的位置在附近放映
•按开始时间，结束时间，流派，评分等等进行电影放映时间
•直接从手机或平板电脑购买门票

IMDB在全球供应英文（美国/英国），西班牙语，德语，法语，葡萄牙语，意大利语，日语，韩语和中文。

您认为我们做得很好吗？我们忽略了什么吗？请在http://spr.ly/imdbapp_ios上发布您的反馈

通过使用此应用程序，即表示您同意IMDB的使用条件（https://www.imdb.com/conditions?ref_=ft_cou）和隐私通知（https://wwwww.imdb.com/privacy）。"
us - 番茄,AMC Theatres: Movies & More,"The AMC Theatres App is your portal to everything AMC. Buy tickets, get info about the movies you want to see, access your AMC Stubs rewards and make A-List reservations.

Our Theatres: Type in the name of your favorite theatre, or find the theatre closest to you. Find out which theatres feature premium formats like Dolby Cinema at AMC, IMAX at AMC, or RealD 3D.

All About Movies: Discover AMC exclusives, official trailers, movie synopses, cast info, and film ratings from experts like IMDb and Rotten Tomatoes.

AMC Stubs: Log into your AMC Stubs account to earn and track points and rewards. Access your virtual card and scan it at the theatre to apply your savings and rewards instantly. A-Listers can make FREE movie reservations and Premiere members enjoy waived online ticketing fees.

My AMC: Find your purchased tickets, rewards and all things AMC Stubs. 

Food and Drinks Online Ordering: Skip the line by ordering concessions before you get to the theatre. Available at select locations with either express pick-up at the concession stand, or delivery to your seat.

Reserved Seating: Save your favorite seat in the house.

Digital Tickets and Membership Card: Save room in your wallet for more important things! Your phone is your ticket and your AMC Stubs membership card. 

Advance Tickets: Buy tickets the second they go on sale and be the first to see the movies you’re most excited about.","AMC剧院应用程序是您所有AMC的门户网站。购买门票，获取有关您想看的电影的信息，访问AMC存根奖励并进行A-List预订。

我们的剧院：输入您最喜欢的剧院的名称，或找到最接近您的剧院。找出哪些剧院采用高级格式，例如AMC的Dolby Cinema，AMC的IMAX或Reald 3d。

关于电影的所有内容：Discover AMC独家，官方预告片，电影概论，演员信息以及来自IMDB和烂番茄等专家的电影评分。

AMC Stubs：登录您的AMC存根帐户以赚取和跟踪点和奖励。访问您的虚拟卡，并在剧院扫描以利用您的积蓄并立即奖励。A-Listers可以免费进行电影保留，首映会员享受放弃在线票务费。

我的AMC：找到您购买的门票，奖励和所有AMC存根。

在线订购食品和饮料：在您到达剧院之前先订购特许权来跳过界限。在特定位置的特定位置可在特许摊位上有特快接送服务，或者将其交付到您的座位。

预留座位：将您最喜欢的座位保存在房屋中。

数字票和会员卡：在您的钱包里节省房间，以获取更重要的事情！您的手机是您的机票和AMC Stubs会员卡。

预售门票：购买门票第二秒钟，他们是第一个看您最兴奋的电影的人。"
us - 番茄,VPN Tomato Pro - Fast & Secure,"Start your secure & private connection right here right now!

This is a fast and stable vpn with the virtual private network. It provides abundant effective servers to meet your connect demands. Furthermore, it can hide your ip address, encrypt your internet traffic and turn public wi-fi into a private network. Here are the main features below you may interest:
 
• HIGH-SPEED SERVERS WORLDWIDE
All kinds of servers worldwide are provided here. You can choose from 30+ countries or regions to get your preferred one including: The United States, Brazil, Germany, India, Indonesia, Italy, Russia, Mexico, South Korea, the United Kingdom, and Japan, etc.

• PRIVACY PROTECTION
Now you don't need to install an incognito browser when using. Simply tap the connect button with all your Internet traffic completely encrypted. That means your online activities will be anonymous and no matter which public wi-fi you access, you will be shielded from online risks with complete security.

• IP MASK
Your ip address and location will be masked when you use it. Your activities can no longer be tracked on the Internet. That means there are no logs kept and no dns leaked. We will always guard your online privacy.

• AD BLOCKER
Ad blocker will ensure you a really smooth online experience without any ads and trackers. Considering that the ads also use mobile data when you're not on wi-fi, this feature will help you save some.

• EASY CONNECTION WITH ONE CLICK
Quick connect makes it easier for you to use. It detects your current location automatically and connects you to the nearest fastest server. Once you subscribe, just enjoy unlimited speed without usage time restrictions which won’t require additional permissions.

Payment & Subscription
- Payment will be charged to your Apple ID account at the confirmation of purchase.
- Subscription automatically renews unless it is canceled at least 24 hours before the end of the free trial or any subscription period. Your account will be charged for renewal within 24 hours prior to the end of the free trial or the current subscription period.
- You can manage and cancel the free trial or subscriptions by going to your account settings on the App Store after purchase.

Legal Notice
In accordance with the laws, policies and regulations of each country and region, our service will not be provided in Russia & China.

Terms of Service
https://vpn-tomato.ironmeta.com/terms-of-service.html

Privacy Policy
https://vpn-tomato.ironmeta.com/privacy-policy.html","立即在这里开始您的安全和私人连接！

这是具有虚拟专用网络的快速稳定VPN。它提供了丰富的有效服务器来满足您的连接需求。此外，它可以隐藏您的IP地址，加密您的Internet流量并将公共Wi-Fi变成一个私人网络。这是您可能感兴趣的主要功能：
 
•全球高速服务器
这里提供了全球各种服务器。您可以从30多个国家或地区中选择您的首选国家，包括：美国，巴西，德国，印度，印度尼西亚，意大利，俄罗斯，墨西哥，墨西哥，韩国，英国和日本等。

• 隐私保护
现在，使用时您不需要安装隐身浏览器。只需点击所有Internet流量的连接按钮，请完全加密即可。这意味着您的在线活动将是匿名的，无论您访问哪种公共Wi-Fi，都将使您免受完全安全性的在线风险。

•IP掩码
使用时，您的IP地址和位置将被掩盖。您的活动不再可以在互联网上跟踪。这意味着没有记录，也没有DNS泄漏。我们将始终保护您的在线隐私。

• 广告拦截器
广告阻滞剂将确保您没有任何广告和跟踪器的在线体验。考虑到当您不使用Wi-Fi时广告还使用移动数据，此功能将帮助您节省一些功能。

•一键轻松连接
快速连接使您更容易使用。它会自动检测您当前的位置，并将您连接到最近的最快服务器。订阅后，只需在没有使用时间限制的情况下享受无限速度，这将不需要额外的权限。

付款和订阅
 - 在确认购买时，将向您的Apple ID帐户付款。
 - 订阅将自动续订，除非在免费试用期结束或任何订阅期结束之前至少在24小时之前取消订阅。您的帐户将在免费试用期或当前订阅期结束前24小时内收取续订费用。
 - 您可以在购买后转到App Store上的帐户设置来管理和取消免费试用或订阅。

法律声明
根据每个国家和地区的法律，政策和法规，我们的服务将在俄罗斯和中国提供。

服务条款
https://vpn-tomato.ironmato.com/terms-of-service.html

隐私政策
https://vpn-tomato.ironmeta.com/privacy-policy.html"
de - 番茄,Focus Tomato - Let's focus now,"## App Of The Day - Apple
## New Apps We Love - Apple
## Try These Out - Apple
## Student App of the Month - The App Brewery (London)



Focus Tomato is a serious tomato helping you stay focused. 
Cheer you up when you succeed.



—— Recommended consuming order ——

Step 1: Goal setting
If the goal is too big, break it down.

Step 2: only focus for 25 minutes
* Only focus on one thing
* Avoid distraction; make efforts to keep the Tomato running (ex. if someone hits you up, tell him/her getting back to you shortly!)
* Better to watch the timer counting

Step 3: Rest for 5 minutes
* Not suitable for mental consuming tasks
* Light activities that are good for your mind and body
* Pause your work momentarily can help you view things from another perspective and avoid couldn't see the forests for the trees. 

Step 4: Repeat 4 times, then take a more extended rest for 15 to 30 minutes
Repeat the previous two steps for 4 times, and take a 15 to 30 minutes long rest



—— After taking it, you can gain the following benefits on top of straight As —— 
* Prevent distracting and stay focused more easily: counting down timer brings good stress
* Reduce interruptions: postpone other tasks; most things can wait for 25 minutes
* Avoid procrastinating: when the timer is running, it means the declaration of a focused time frame
* Endure longer: with adequate rest, you can run further 



—— Features of “Focus Tomato” ——

Based on the Pomodoro method with new spice-ups and improvements.

* Do not force stop; keep the flow
Classical Promodoro clock asks you to stop working asap when time is up; Focus Tomato only notifies you with sound and does not force you to stop. You can keep staying in the zone and running the timer.

* Fractional time is allowed
Classical Promodoro clock requires to maintain 25 minutes duration. Focus Tomato freely lets you count the fractional time as long as it starts running.

* Modifiable Timeline
It is usual to forget to stop the timer. Focus Tomato allows you to modify the Timeline and make adjustments afterward.

* Do Not Disturb mode is available
Distracted by too many notifications? Do Not Disturb mode can be enabled when Focus Tomato is running.

* Integrate smoothly with other work methods and/or apps
Because the app only applies the timing part of the Promodoro technique, in addition to the original Promodoro method, you can also use the Reminder, Trello, or physical notebooks along with it.



Good tomato, why not eat it?","##每日应用-Apple
##我们喜欢的新应用-Apple
##尝试这些 - 苹果
##本月学生应用程序 - 应用啤酒厂（伦敦）



焦点番茄是一种严重的番茄，可帮助您保持专注。
成功时，请您加油。



 - 建议使用订单 - 

步骤1：目标设定
如果目标太大，请将其分解。

步骤2：仅关注25分钟
*只专注于一件事
*避免分心；努力保持番茄的运转（前。如果有人打你，请告诉他/她很快回到您身边！）
*最好观看计时器计数

步骤3：休息5分钟
*不适合精神消费任务
*对您的身心有益的轻型活动
*暂时暂停工作可以帮助您从另一个角度看待事物，避免看不到树木的森林。

步骤4：重复4次，然后进行15至30分钟的休息时间
重复前两个步骤4次，然后休息15至30分钟



 - 服用后，您可以在直线上获得以下好处
*防止分心并保持专注于更容易：倒数计时器会带来良好的压力
*减少中断：推迟其他任务；大多数事情可以等待25分钟
*避免拖延：计时器运行时，这意味着声明集中的时间范围
*忍受更长的时间：有足够的休息，您可以进一步运行



 -   - “聚焦番茄”的特征 - 

基于带有新的香料和改进的Pomodoro方法。

*不要强迫停止；保持流动
经典的Promodoro时钟要求您在时间上升时停止工作。Focus番茄只会通知您声音，不会迫使您停止。您可以继续留在区域并运行计时器。

*允许分数时间
经典的Promodoro时钟需要维持25分钟的时间。只要开始运行，focus番茄就可以自由地计算分数时间。

*修改时间表
通常会忘记停止计时器。Focus番茄可让您修改时间表并之后进行调整。

*请勿打扰模式
被太多的通知分散了注意力吗？当焦点番茄运行时，请勿打扰模式。

*与其他工作方法和/或应用程序平稳集成
由于该应用仅应用Promodoro技术的定时部分，因此除了原始的Promodoro方法之外，您还可以将提醒，trello或物理笔记本和它一起使用。



好番茄，为什么不吃呢？"
de - 番茄,Be Focused - Focus Timer,"Die Konzentration auf eine Aufgabe ist für unsere, an den Bildschirm gewöhnte Generation offenbar eine echte Herausforderung. Mit Be Focused können Sie die individuellen Aufgaben in separate, durch Pausen getrennte Intervalle aufteilen. Das ist eine überraschend effiziente Methode, um die Motivation und den Fokus aufrechtzuerhalten. Erstellen Sie Aufgaben, planen Sie Pausen und behalten Sie den Überblick über Ihren Fortschritt während des Arbeitstages, der Arbeitswoche oder einer beliebigen Zeitspanne.

Funktionsumfang:
- Intervalle starten, pausieren oder überspringen
- Automatischer Start des nächsten Timers (Option)
- Anpassen der Timer-Einstellungen zur Maximierung der Produktivität:
        • Dauer des Arbeitsintervalls
        • Dauer der kurzen Pause
        • Dauer der langen Pause
        • Anzahl der Intervalle zwischen langen Pausen
        • Zielanzahl der Intervalle pro Tag
- Ihre Aufgaben verwalten
- Unterschiedliche Timer-Einstellungen für verschiedene Aufgaben spezifizieren
- Fügen Sie Aufgaben Notizen und Fälligkeitstermine hinzu
- Anzahl von Intervallen schätzen, die zur Erledigung einer Aufgabe erforderlich sind, und Einschätzungsfehler verfolgen
- Abgeschlossene Intervalle anzeigen und verwalten
- Anpassbare Berichte für schnelle und einfache Zielverfolgung
- Möglichkeit zum Einfügen einer Aufgabenliste aus anderen Anwendungen
- Optionaler Chronometer-Tickton
- Anpassbare Frequenz des Chronometer-Tons
- Große Auswahl an Alarmtönen
- Fähigkeit, die Lautstärke von Alarm und Chronometer einzustellen
- Die Alarmtöne funktionieren auch, wenn die App im Hintergrund ausgeführt wird
- Interaktive Benachrichtigungen
- Live Activities
- Lock Screen Widgets
- Home Screen Widgets
- Unterstützt Apple Watch
- Eine Universal-App für iPhone, Apple Watch und iPad
- Auch erhältlich für Mac

Auf Pro-Version upgrade:
- Synchronisieren Sie Ihre Daten zwischen iPhone, iPad und Mac *
- Verwenden Sie Tags und Filter um die Übersicht zu behalten
- Exportieren Sie Daten in eine CSV-Datei
- Sichern Sie Ihre Kontodaten täglich automatisch
- Focus-Matrix-Integration zur Verwaltung von Aufgaben nach einem Rush-/Priority-Prinzip **
- Entfernen Sie Banner und Anzeigen

* Für die Synchronisierung mit Mac wird das separat erhältliche Be Focused Pro for macOS benötigt.
** Für die Integration mit Focus Matrix ist die Pro-Version von Focus Matrix erforderlich, die separat erhältlich ist.","对于我们这一代人来说，专注于任务显然是一个真正的挑战，该挑战用于屏幕。通过集中精力，您可以将各个任务分为单独的间隔，然后通过断裂分开。这是一种令人惊讶的有效方法，可以保持动力和专注。创建任务，计划中断，并在工作日，工作周或任何时间概述您的进度。

功能范围：
 - 开始，暂停或跳过间隔
 - 下一个计时器的自动启动（选项）
 - 调整计时器设置以最大化生产率：
        •工作间隔的持续时间
        •短暂休息时间
        •长期休息时间
        •长休息之间的间隔数
        •每天间隔的目标数量
 - 管理您的任务
 - 为不同任务指定不同的计时器设置
 - 添加任务注释和到期日期
 - 感谢完成任务并追求评估错误所需的间隔数量
 - 显示和管理完成的间隔
 - 适应性报告，以进行快速简便的目标跟踪
 - 可能从其他应用程序中插入任务列表
 - 可选的计时仪票本
 - 天文钟音调的适应性频率
 - 大量的警报音调
 - 能够设置警报和计时仪的音量
 - 当应用程序在后台执行时，警报音也可以工作
 - 交互式通知
 - 现场活动
 - 锁定屏幕小部件
 - 主屏幕小部件
 - 支持Apple Watch
 -  iPhone，Apple Watch和iPad的通用应用程序
 - 也可用于Mac

升级到Pro版本：
 - 将您的数据同步在iPhone，iPad和Mac *之间 *
 - 使用标签和过滤器保持概述
 - 将数据导出到CSV文件
 - 每天自动保护您的帐户详细信息
 - 对焦矩阵集成以根据匆忙/优先原则管理任务**
 - 卸下横幅并显示

*对于与MAC的同步，需要单独可用的MacOS POKE。
**为了与焦点矩阵集成，需要单独可用的焦点矩阵版本。"
de - 番茄,Funny Movie Maker - FMM,"Mache zum Schreien lustige Filme, die Du mit Deinen Freunden teilen kannst. Wähle irgendein Gesicht - Fotos von Freunden, Prominenten, Politikern oder Dir selbst - und nimm Videos auf, wo Du deren Mund (oder Gesicht) mit Deinem vertauschst. Verstelle den Ton Deine Stimme und füge Musik hinzu, um Deine Filme zu vervollständigen. Du kannst jedes Foto zum Sprechen bringen und Dich mit Freunden zusammen kaputtlachen.

FUNNY MOVIE-IDEEN
• Lass Deine Haustiere sprechen
• Bringe die Facebook-Fotos Deiner Freunde zum Sprechen
• Lass Prominente singen oder lustige Sachen sagen
• Poste lustige Produktbewertungen
• Mache Dich über Politiker und Prominente lustig
• Singe Playback zu Deinem Lieblingssong
• Mache besonders originelle Präsentationen
• Lass Teile Deines Körpers sprechen
• Lass Spielzeuge und Puppen mit Deinem Mund sprechen
• Lass Dein Gesicht im Fernsehen erscheinen
• Mache die tollsten Feriengrüße
• Mache eine lustige Serie auf YouTube

TOLLE FUNKTIONEN
• Einfach Benutzung, schnelle Ergebnisse
• Funktioniert mit allen Fotos: Eigene Fotos oder Pics aus dem Internet
• Nimm neue Fotos mit der eingebauten Kamera auf
• Kaufe zum Schreien lustige Funny Faces-Vorlagen
• Verwende Fotos von Leuten, Tieren oder Objekten
• Verändere Deine Stimme für noch mehr Spaß
• Füge Musik aus Deiner Bibliothek hinzu
• Ändere Form und Größe von Lippen und Gesicht um Bilder zusammenzusetzen
• Sofortige Vorschau für noch bessere Filme
• Speichere Deine Gesichter für noch mehr Filme
• Speichere Filme in Deiner Fotobibliothek
• Teile Videos auf YouTube, Facebook oder per E-Mail

WIE DU LUSTIGE FILME MACHST
Schritt 1: Wähle ein Gesicht... Egal welches!
Schritt 2: Schneide den Mund (oder das ganze Gesicht) aus und füge Musik und Stimmeneffekte hinzu.
Schritt 3: Nimm Deinen Film auf und teile das lustige Video mit Deinen Freunden.","要尖叫，制作有趣的电影，您可以与朋友分享。选择任何面孔 - 朋友，名人，政客或您自己的照片 - 并录制视频，您可以在其中与您的嘴（或面部）交换。将音调添加到您的声音中，并添加音乐以完成您的电影。您可以制作每张照片与朋友说话和笑。

有趣的电影想法
•让宠物说话
•让您的朋友的Facebook照片说话
•让突出的唱歌或说有趣的话
•发布有趣的产品评论
•确保您对政客和名人很有趣
•唱歌到您喜欢的歌曲
•进行特别的原始演讲
•让身体的一部分说话
•让玩具和洋娃娃对你的嘴说话
•让您的脸出现在电视上
•做出最大的假期问候
•在YouTube上制作一个有趣的系列

出色的功能
•简单地使用快速结果
•与所有照片一起工作：自己的照片或互联网上的照片
•用内置的相机拍摄新照片
•购买有趣的面孔模板尖叫
•使用人，动物或物体的照片
•改变您的声音以获得更多乐趣
•从图书馆添加音乐
•更改嘴唇的形状和大小，将图片放在一起
•立即预览更好的电影
•保存您的脸更多电影
•将电影保存在您的照片库中
•在YouTube，Facebook或通过电子邮件上分享视频

如何制作有趣的电影
步骤1：选择一张脸...无论哪一个！
步骤2：割嘴（或整个脸部），并添加音乐和声音。
步骤3：接受您的电影，并与您的朋友分享有趣的视频。"
de - 番茄,Tasty Tale,"Kochst du gerne und magst Match 3 Puzzle Spiele? Mische und kombiniere leckere bunte Zutaten und löse über 1000 Levels in Tasty Tale, dem super kurzweiligen und herrlich süchtig machenden kostenlosen Puzzle Abenteuer. 

Du bist der Chefkoch in Restaurants aus der ganzen Welt! Koche hunderte Rezepte und serviere leckere Gerichte, wie Fruchtsalat, Burger, Cookies, Süßigkeiten, Kuchen oder Pizza, indem du Gemüse, Früchte, Fleisch, Fisch und viele weitere köstliche Zutaten kombinierst.

Reise um die Welt und bereite klassische Speisen für wunderbar fantastische Charaktere wie Pinocchio, die drei kleinen Schweinchen, Rotkäppchen und viele weitere Bekannte aus der Märchenwelt zu. Besuche zauberhafte Orte wie „Petit Paris“, „El Sombrero“, „Mermaid Kingdom“, „The Candy Factory“ oder den „Casino Palace“.

Kannst du besser als deine Freunde kochen? Nimm die Herausforderung an, koche dich bis an die Spitze des Restaurant Olymps und weise deine Freunde in die Schranken. Entdecke jetzt Tasty Tale, eines der süßesten und schmackhaftesten Puzzle Spiele aller Zeiten. 


BEWERTUNGEN:

„Ich liebe dieses Spiel! Es macht Spaß und sehr süchtig!“  *****

„Dieses Spiel macht süchtig. Ich kann nicht aufhören zu spielen. Jeder sollte dieses Spiel testen“  *****

„Ich liebe dieses Spiel so sehr. Es unterhält mich und ich bekomme hunger und lust zu essen bei jedem Level… Hahaha! ...Hahaha! :)“  *****


FEATURES:

- Leicht zu lernen, schwer zu meistern
- Bunte und lebendige Grafik, die dich begeistern wird
- Über 1000 leckere Level und Rezepte mit anspruchsvollen Herausforderungen
- Ranglisten, um sich mit seinen Freunden zu messen
- Spiele Spezial-Werkzeuge frei und setze sie ein um schwierige Level zu lösen
- Verbinde dich mit Facebook und spiele am PC, Handy oder Tablet
- Booster, die dir beim Zubereiten herausfordernder Rezepte helfen
- Fantastische lustige Charaktere aus der Märchenwelt
- Drehe das Glücksrad um täglich eine Belohnung zu erhalten


Zu guter Letzt, ein großes DANKESCHÖN an unsere treuen Tasty Tale Fans!

Schon ein Fan von Tasty Tale? Like uns auf Facebook für die neuesten Updates und Events:
https://www.facebook.com/tastytalegame

Also, worauf wartest du noch? Viele leckere Rezepte und Zutaten warten schon darauf von dir in diesem außergewöhnlichen Match 3 Spiel zu grandiosen Gerichten verwandelt zu werden. Spiele es JETZT!

Bitte beachte, dass Tasty Tale völlig kostenlos ist, aber einige Gegenstände im Spiel optional erworben werden können.

Impressum: https://www.sweetnitro.com/legal.php?site=tt
Nutzungsbedingungen: https://www.sweetnitro.com/tou.php?site=tt","您喜欢做饭和喜欢比赛3个益智游戏吗？混合并结合美味的色彩成分，并在美味的故事中解决超过1000层，这是超级有趣且令人上瘾的免费拼图冒险。

您是来自世界各地的餐厅的厨师！煮数百种食谱，并提供美味佳肴，例如水果沙拉，汉堡，饼干，糖果，蛋糕或披萨，通过结合蔬菜，水果，肉，鱼类和许多其他美味的食材。

环游世界，并为奇妙的奇妙人物（例如皮诺奇奥，三只小猪，小骑行兜帽以及童话世界中的许多其他相识）准备经典菜肴。访问诸如“小巴黎”，“埃尔·桑布罗”，“美人鱼王国”，“糖果工厂”或“赌场宫”等魔法地方。

你能比你的朋友更好吗？面对挑战，将自己煮至奥林普斯餐厅的顶部，然后将您的朋友放在他们的位置。现在发现美味的故事，这是有史以来最甜蜜，最美味的益智游戏之一。


评论：

“我爱这游戏！这很有趣，很上瘾！” *****

“这个游戏令人上瘾。我不能停止比赛。每个人都应该测试这个游戏” *****

“我非常喜欢这个游戏。它维护我，我得到了饥饿和渴望在各个层面上吃饭的渴望...哈哈哈！...哈哈哈！:)” *****


特征：

 - 易于学习，难以掌握
 - 丰富多彩而活泼的图形会激发您的灵感
 - 超过1000种美味的水平和挑战的食谱
 - 与他的朋友竞争的排名清单
 - 免费工具并使用它们来解决困难的水平
 - 连接到Facebook并在PC，手机或平板电脑上播放
 - 助推器可以帮助您准备挑战性食谱
 - 童话世界中的奇妙有趣人物
 - 旋转命运之轮，每天获得奖励


最后但并非最不重要的一点是，非常感谢我们的忠实忠实的故事迷！

已经是美味故事的粉丝了吗？喜欢我们在Facebook上的最新更新和事件：
https://www.facebook.com/tatytalegame

你还在等什么？在这款非凡的比赛3游戏中，许多美味的食谱和成分都在等待您转变为宏伟的菜肴。现在玩！

请注意，美味的故事是完全免费的，但是可以选择获取游戏中的某些对象。

烙印：https：//www.sweetnitro.com/legal.php?site=tt
使用条件：https：//www.sweetnitro.com/tou.php?site=tt"
de - 番茄,Focus To-Do,"Focus To-Do kombiniert Pomodoro Timer mit Task Management. Es ist eine wissenschaftlich fundierte Anwendung, die Sie motivieren wird, konzentriert zu bleiben und Dinge zu erledigen. 

Es bringt die Pomodoro-Technik und die Aufgabenliste an einen Ort, Sie können Aufgaben in Ihren Aufgabenlisten erfassen und organisieren, den Focus To-Do Timer starten und sich auf Arbeit & Studium konzentrieren, Erinnerungen für wichtige Aufgaben und Besorgungen setzen, die bei der Arbeit verbrachte Zeit überprüfen. 

Es ist die ultimative App zur Verwaltung von Aufgaben, Erinnerungen, Listen, Kalenderereignissen, Einkaufslisten, Checklisten, damit Sie sich auf Arbeit & Studium konzentrieren und Ihre Arbeitszeiten erfassen können.

Wie es funktioniert:
       1. Wählen Sie eine Aufgabe aus, die Sie erledigen möchten.
       2. Stellen Sie einen Timer für 25 Minuten ein, konzentrieren Sie sich und beginnen Sie mit der Arbeit.
       3. Wenn der Pomodoro-Timer klingelt, machen Sie 5 Minuten Pause.
 
Hauptmerkmale:

- Pomodoro Timer：Bleiben Sie fokussiert um mehr Dinge zu erledigen.
       Pomodoro anhalten und fortsetzen
       Anpassbare Pomodoro/Pausenlängen
       Benachrichtigung vor dem Ende eines Pomodoro
       Überspringen Sie eine Pause nach dem Ende eines Pomodoro
       Kontinuierlicher Modus
       
- Aufgabenverwaltung: Task Organizer, Terminplaner, Erinnerung, Habit Tracker, Zeiterfassung
       Aufgaben und Projekte: Organisieren Sie Ihren Tag mit Focus To-Do und erledigen Sie Ihre Aufgaben, Studien, Arbeit, Hausaufgaben oder Hausarbeiten, die Sie erledigen müssen.
       Wiederkehrende Aufgaben: Bauen Sie dauerhafte Gewohnheiten auf mit leistungsstarken wiederkehrenden Fälligkeiten wie ""Jeden Montag"".
       Erinnerungen: Das Einrichten einer Erinnerung stellt sicher, dass Sie nie wieder wichtige Dinge vergessen. Sie können wiederkehrende Fälligkeitstermine einrichten, die Sie jedes Mal daran erinnern. 
       Teilaufgaben: Unterteilen Sie Ihre Aufgabe in kleinere, umsetzbare Elemente oder fügen Sie eine Checkliste hinzu.
       Aufgaben-Priorität: Markieren Sie die wichtigsten Aufgaben des Tages mit farblich gekennzeichneten Prioritätsstufen.
       Geschätzte Pomodoro-Anzahl: Schätzen Sie die Arbeitsaufwand oder setzen Sie ein Ziel.
       Notizen: Zeichnen Sie detailliertere Informationen über die Aufgabe auf.

- Bericht: Detaillierte Statistiken über Ihre Zeitverteilung, erledigte Aufgaben.
       Unterstützen Sie die Berechnung der Gesamtzeit der Fokuszeit.
       Gantt-Diagramm der Fokuszeit.
       Statistik der erledigten Aufgaben. 
       Statistik über die Zeitverteilung des Projekts.
       Trenddiagramm der erledigten To-Do und der Fokuszeit.

- Plattformübergreifende Synchronisation: Betrachten und verwalten Sie Ihre Ziele, wo immer Sie sich befinden, um Ihre Ziele besser zu erreichen.
       Unterstüzt die nahtlose Synchronisation innerhalb iPhone, Mac, iPad, Apple Watch.

- Wald: 
       Konzentrieren Sie sich auf Arbeit und Studium, erzeugen Sie Sonnenlicht für die Pflanze und wachsen Sie mit der Pflanze.
 
- Verschiedene Erinnerungen:
       Wecker für Ende einer Fokuszeit, Vibrations-Erinnerung.
       Unterschiedliches weißes Rauschen, damit Sie sich auf die Arbeit und das Lernen konzentrieren können.

- Täglicher/wöchentlicher/monatlicher Bericht
       Zeigen Sie Ihre gesamte verfolgte Zeit in einer Kalenderansicht an.

- Unterstützt die Verhinderung der Bildschirmsperre:
       Überprüfen Sie die verbleibende Pomodorozeit, indem Sie den Bildschirm eingeschaltet lassen.

Kontakt: focustodo@163.com
Website: http://www.focustodo.cn
Pomodoro ™ und Pomodoro Technique ® sind eingetragene Warenzeichen von Francesco Cirillo. Diese App ist nicht mit Francesco Cirillo verbunden.

Die Benutzer haben sich seit 200 Millionen Stunden auf unsere App konzentriert, schließen Sie sich uns an und wir helfen Ihnen, sich zu konzentrieren und Ihre Produktivität zu steigern, Zögern und Ängste zu reduzieren.","Focus to-Do将Pomodoro计时器与任务管理相结合。这是一种科学的声音应用，可以激励您保持专心并做事。

它将pomodoro技术和任务列表带到一个地方，您可以在任务列表中记录和组织任务，启动重点待办事项，并专注于工作和学习，坐下记忆中的重要任务和差事，时间。

它是管理任务，记忆，列表，日历事件，购物清单，清单，以便您可以专注于工作和学习和捕获工作时间的最终应用。

怎么运行的：
       1.选择要执行的任务。
       2.将计时器设置25分钟，集中注意力并开始工作。
       3.当pomodoro-timer环时，休息5分钟。
 
主要特征：

-Pomodoro计时器：保持专注于做更多的事情。
       停下来继续pomodoro
       适应性的pomodoro/断裂长度
       pomodoro结束前的通知
       在pomodoro结束后跳过休息
       连续模式
       
 - 任务管理：任务组织者，时间表，记忆，习惯跟踪器，时间记录
       任务和项目：以待办事项的重点组织您的一天，并完成您必须做的任务，研究，工作，作业或家庭作业。
       经常出现的任务：建立永久性习惯，具有强大的重复密度，例如“每个星期一”。
       记忆：设置记忆可确保您永远不会忘记重要的事情。您可以设置您始终提醒您的重复出现的到期日期。
       子任务：将任务视为较小，可实现的元素或添加清单。
       任务优先级：标记为优先级级别的当天最重要的任务。
       估计的pomodoro编号：估计工作量或设定目标。
       注意：计算有关任务的更多详细信息。

 - 报告：有关您的时间分配，完成任务的详细统计信息。
       支持焦点时间总时间的计算。
       焦点时间的甘特图。
       完成任务的统计数据。
       项目时间分布的统计数据。
       完整的待办事项和焦点时间的趋势图。

 - 跨平台同步：无论身在何处，都要查看并管理您的目标，以便更好地实现目标。
       支持iPhone，Mac，iPad，Apple Watch中的无缝同步。

- 森林：
       专注于工作和学习，为植物创造阳光，并随植物生长。
 
 - 不同的回忆：
       召唤时间结束时的闹钟，振动提醒。
       不同的白噪声，以便您可以专注于工作和学习。

 - 每日/每周/每月报告
       在日历视图中显示您的整个迫害时间。

 - 支持预防屏幕锁：
       通过离开屏幕来检查剩余的pomodoro时间。

联系人：inpocustodo@163.com
网站：http：//www.focustodo.cn
Pomodoro™和PomodoroTechnique®是Francesco Cirillo的注册商标。该应用程序没有连接到Francesco Cirillo。

用户已经专注于我们的应用程序2亿小时，加入我们，我们帮助您集中精力并提高生产力，犹豫和减少恐惧。"
cn - focus,滑记-考研考证 重点单词 必刷题,"滑记是一款运用间隔复习理论，通过AI算法帮助用户规划学习计划，提高记忆效率，轻松应考的App

【高效提分】
基于「间隔学习理论」，AI 算法生成动态学习计划，用更短的时间、记更多考点。
滑记能够通过你对应试时限的需求，帮助你定制最适合你的复习计划。精准判断用户遗忘临界点，高效重复知识重点防止用户记忆衰退。滑记将化身你的私人教练，用最短的时间帮你达到最好的应试状态。

【省时省力】
参考书内容重点分散，自己整理笔记占用复习精力，一本卡册搞定，省更多时间。
滑记完美契合时下热点参考辅导书，名师讲义及学霸笔记帮你总结考试重难点，一本卡册囊括应试必备知识。滑记将为你打造最锋利的宝剑，保证你在考试的战场上披荆斩棘、所向披靡。

【深度学习】
理解与记忆组成学习本质，知识点记忆配合参考书，学习滴水不漏，学更多技能。
滑记补充应试空白点，在课程辅导与教材习题之外引入高效记忆工具，填补教育减负的最重要缺口。让你用节省下的学习时间了解更多有用的知识。滑记让学习成为更加简单快乐的事，助你成长为技能更加丰富的人。


【会员订阅说明】
订阅周期：1个月（滑记会员连续包月）、3个月(滑记会员连续包季)、12个月（滑记会员连续包年）。
订阅价格：连续包月 25元/月、连续包季 58元/季、连续包年 98元/年。
付款：用户确认购买并付款后记入 iTunes 账户。
续订：苹果 iTunes 账户会在到期前 24 小时内扣费，扣费成功后订阅周期顺延一个订阅周期。
关闭服务：您可以在苹果手机“设置” --> 进入“iTunes Store 与 App Store”-->点击 “Apple ID”，选择""查看Apple D""，进入""账户设置""页面，点击“订阅”，管理自动订阅服务，如需取消，每个计费周期结束前 24 小时关闭即可，到期前 24 小时内则不再扣费。
用户协议：https://help.huaji.wiki/terms/user
隐私政策：https://help.huaji.wiki/terms/privacy
会员服务协议（包含自动续费服务规则）：https://help.huaji.wiki/terms/vip",
cn - focus,印象笔记•圈点 - 拍照、标注、分享,"重新想象，全面发挥iOS 7新功能

印象笔记•圈点是最好用的图片标注工具，帮你轻松表情达意。拍照、标注并分享，简单三步，瞬间实现。你可以添加箭头、图章、图形等各种精美标注，最清晰地表达你的想法。快速完成一切交流，从未如此简单。

瞬间，分享想法
→ 一拍照，箭头就会自动添加，直接指向照片焦点
→ 利用箭头指出图片重点，还能在旁边添加文字注释
→ 快速分享给好友、同学和同事

更多工具
→ 图章、图形、文字、高亮、涂鸦等多种精美标注，任你添加
→ 裁剪图片，打马赛克，只保留最精华的部分
→ 快速添加图片标题

轻松共享
→ 通过邮件、短信或AirDrop轻松分享你标注的图片
→ 分享給通讯录里的好友
→ 用AirPlay展示你的标注
→ 创建印象笔记公开链接并分享

印象笔记•圈点可以这样用： 
→ 工作：拍下头脑风暴用的白板，加上你的想法，分享给整个团队
→ 居家：需要修东西？拍照，标出问题，立即发出。
→ 生活：拍下账单或文件，打马赛克隐藏隐私信息并保存到印象笔记

印象笔记•圈点完全免费，是印象笔记家族应用的一员，帮你记录点点滴滴、轻松交流、实现目标。",
cn - focus,Sonus Island - 海滩的声音,"*** Best of 2017 ***

Sonus Island是一款可以帮助您放松、集中精力和改善睡眠的完美应用程序。聆听岸边汹涌的波涛，伴着水下的鲸鱼声沉思，或在沙滩的星光下入睡。

Sonus是一个五彩缤纷的美丽岛屿。无论您访问的岛屿哪个地区，丰富的风景将令您惊叹不已。

在Sonus岛，您可以随时随地聆听高品质的3D声音，享受非一般的感觉。所有海滩和大自然的声音都是现实记录的，给您真实的体验。

想像随时随地畅游热带岛屿。那就是Sonus岛！在忙碌的一天后，沉浸在美丽的风景中放松身心，同时聆听引导冥想或亲自感受岛屿。

畅游Sonus岛，体验丰富多彩的风景和秀丽的声音。

功能
+ 10个丰富多彩的风景和五彩缤纷的颜色
+ 岛上有很多地点可以参观，适合每一个场合和心情
+ 超高品质的3D声音，给人真实的体验
+ 从鸟鸣到汹涌的波涛，Sonus岛拥有非常不同的自然声音
+ 英语的引导冥想
+ 3种不同的引导冥想，帮助您集中精神、放松身心或入睡
+ 易于使用的定时器和睡眠定时器
+ 呼吸练习
+ 应用内购买可让您访问整个岛屿
+ 健康套件集成
+ iPhone和iPad的通用应用程序

关于WILD VENTURES
我们是一对夫妻设计组合。我们住在荷兰，并喜欢制作灵感源于自然的应用程序。
感谢您的支持，我们希望了解您的意见！如果您有任何问题或建议，请随时与我们联系。",
cn - focus,雙耳節拍伽瑪波 - 腦波夾帶有重點的音樂學習和大腦訓練,"尋找一種方式有效地學習和提高你的記憶技能？雙耳節拍的γ波的應用程序為您服務！對於腦刺激的全新的腦波發生器，注重學習和γ癒合。如果你想了解更多，請嘗試高級版，其中包括心靈刺激古典鋼琴音樂，可以重新創建著名的莫扎特效應，以及洞察定時器。

聽說過伽馬前浪？在所有其他的等時音調（波人腦自然發出），伽瑪與記憶信息，學習，集中，突出重點在閱讀和與大腦記憶相關。它們發射在25和100Hz的之間的幅度範圍，並且需要對某些類型的生物反饋訓練。

他們是優秀的聲音聽一邊練習某些腦保健操，同時努力提高在需要的腦深部刺激濃度或時。該雙耳節拍的γ波的應用程序可以讓你產生聲音（體驗充分雙耳立體聲的利益，有必要戴上耳機或耳機），並允許您選擇之間的6種不同的雙耳節拍頻率：

30Hz 對於心靈刺激 
35Hz 以上的集中學習
40Hz 到讀更好的提高記憶力
50Hz 探索創新
65Hz 幫助濃度
80Hz 的為橫向和邏輯思維

為了充分體驗這種腦波產生的效果，你只能聽每次一個頻率。你可以，但是，一個美麗而優雅的背景古典鋼琴曲，從我們的選擇添加到其中。第一種是完全免費的，而剩下的其他人可以通過付費應用程序內購買解鎖：

1 - 心靈活動
2 - 內存信息處理
3 - 提高你的心靈
4 - 健腦
5 - 閱讀和學習音樂
6 - 莫扎特效應
7 - 聰明的歌
8 - 創作您的想像
9 - 考試學習原聲
10 - 高度集中

該高級版還包括計時器功能，這將有助於你更加在大腦訓練你的學習會，當你主要是需要提高你的注意力。

可能這個程序是一個很好的學習工具，並為您提供了無數個小時的放鬆！留在如何使這個應用程序，甚至更好的為您進行審查。對於任何建議，問題或要求，請聯繫我們： 
support@rehegoo.com",
cn - focus,重点教育,"【课程类型】
达内重点教育APP是达内集团在线教育旗下核心产品，提供小学语数英在线互动式教学，双师情景剧课堂、在线直播讲师实时讲解互动答疑，班主任1对1教学服务，课程类型包括：
1、同步课：重难点全面辅导。分暑、秋、寒、春四季授课，寒暑假以巩固为主，春秋季紧跟学校教学进度同步强化学习。
2、 讲座课：热点、难点、易错点随选随学，查漏补缺，注重方法技巧。

【功能特色】
1、iPad上课，在家就能与老师互动；
2.、每节课配有班主任老师，课堂伴读，复习服务；
3.、课程结束后支持离线下载，无限次回放。

【使用场景】
1、刮风下雨，出门补课奔波疲惫?使用达内重点教育在家就能学!
2、跟不上老师教学进度?课内课程体系，总有适合您孩子的课程!

【我们的优势】

1、趣味家庭辅导教师-2位录播主讲，情景剧式趣味授课，1位直播讲师，实时互动与答疑；
2、实力派一线好老师-实时互动直播授课孩子完全沉浸课堂氛围中；
3、全程督导学习-小班辅导 陪伴教学和孩子成为朋友；
4、分阶成长计划-随堂测一对一批改成绩提升更显著；
5、支持查看回放-反复掌握重难点家长随时旁听。

【在线专属功能】
直播授课：主讲老师面对面互动授课，随时随地在线学
辅导答疑：辅导老师7X24小时在线答疑，拍题上传，精细讲解
分级课程：因材施教能力分班，学习更有针对性
无限回放：课程期限内无限次回放，直到完全听懂为止
随堂测验：随堂天天测，巩固课堂学习内容
错 题 本：在线复习好帮手，随时记录学习中的错题
家长旁听：家长可在线旁听，实时掌握孩子学习情况

【免费学习工具】
提升理科思维，提供各年级不同级别的口算习题，通过智能识别功能进行批改，提升学员数学口算能力。
拍照批改：数学口算练习，拍照3秒完成批改
手写速算：有闯关、智能两种游戏模式，手写还原试卷答题真实感

【科技助力课堂】
学习报告：课后生成多维度学习报告，全面分析学习效果，针对性提升
互动课堂：语音弹幕、连麦互动、战队PK，有效提升课堂参与度
智能识别：AI表情识别技术，实时识别孩子的课程专注度，拒绝上课走神，帮助学生集中注意力
智能语音：AI语音学习系统，互动式对话和智能纠音让孩子多说多练",
us - focus,Firefox Focus: Privacy browser,"Use Firefox Focus for everything you want to keep separate from your main browser — for all those get in get out and forget about it moments. No tabs, no fuss, no muss. Block ads and online trackers too. One tap, and your browsing history is completely destroyed. 
 
Blocking distracting ads also means faster page loads which means Focus gets you where you want to go a lot faster. Firefox Focus is the perfect get in/get out, search and destroy, I’m on a mission that’s none-of-your-business — web browser. 

NEW DISTRACTION-FREE DESIGN
When you open Focus, you just get the awesome bar and the keyboard for super quick searching. That’s it. No recent history, no past sites, no open tabs, no ads, no distractions. Just a simple, minimal design with menus that make sense.  

ONE TAP TO DELETE HISTORY
Erase your history, passwords and cookies with just a tap of the trash button. 

CREATE SHORTCUTS
Pin up to four shortcuts on your home screen. Get to your favorite site even quicker without typing anything. 

FASTER BROWSING WITH AD BLOCKING & TRACKING PROTECTION
Firefox Focus blocks many ads you’d normally see on web pages so you get much faster page load speeds, which means you get to the stuff you want a lot faster. Focus also blocks a wide range of trackers by default, including social trackers and those sticky ones that come from things like Facebook ads.

BACKED BY A NON-PROFIT
Firefox Focus is backed by Mozilla, the non-profit that fights for your rights on the web, so you can trust it not to sell your data.

LEARN MORE ABOUT FIREFOX WEB BROWSER:

- Read about Firefox permissions: http://mzl.la/Permissions

- Learn more about what’s up at Mozilla: https://blog.mozilla.org

ABOUT MOZILLA

Mozilla exists to build the Internet as a public resource accessible to all because we believe open and free is better than closed and controlled. We build products like Firefox to promote choice and transparency and give people more control over their lives online. Learn more at https://www.mozilla.org.

Privacy Policy: http://www.mozilla.org/legal/privacy/firefox.html","使用Firefox Focus与您要与主要浏览器分开的所有内容 - 因为所有这些人都可以脱颖而出，而忘记了它。没有标签，没有大惊小怪，没有穆斯。块广告和在线跟踪器也是如此。一龙，您的浏览历史被完全破坏了。
 
阻止分心的广告也意味着更快的页面负载，这意味着焦点可以让您更快地进入的位置。Firefox Focus是完美的进取/出门，搜索和销毁，我正在执行一个您的任务，这是您的任务 - 网络浏览器。

新的无干扰设计
当您打开重点时，您只需获得很棒的栏和超级快速搜索的键盘即可。就是这样。没有最近的历史，没有过去的网站，没有开放式标签，没有广告，没有干扰。只是一个简单，最小的设计，菜单有意义。

一点点以删除历史记录
只需点击垃圾按钮即可删除您的历史记录，密码和cookie。

创建快捷方式
在主屏幕上最多可固定四个快捷方式。在不输入任何内容的情况下，更快地到达您喜欢的网站。

通过广告阻塞和跟踪保护更快浏览
Firefox Focus会阻止您通常在网页上看到的许多广告，因此您可以获得更快的页面加载速度，这意味着您可以更快地获得想要的东西。Focus还默认情况下会阻止广泛的跟踪器，包括社交跟踪器和来自Facebook广告之类的粘性跟踪器。

由非营利组织支持
Firefox Focus得到了Mozilla的支持，Mozilla是为您在网络上争取权利而战的非营利组织，因此您可以相信它不要出售您的数据。

了解有关Firefox Web浏览器的更多信息：

 - 阅读有关Firefox权限的信息：http：//mzl.la/permissions

 - 了解有关Mozilla的情况的更多信息：https：//blog.mozilla.org

关于Mozilla

Mozilla的存在是为了构建Internet作为所有人都可以访问的公共资源，因为我们认为开放和自由比封闭和控制要好。我们构建了诸如Firefox之类的产品，以促进选择和透明度，并使人们更多地控制自己的生活。在https://www.mozilla.org上了解更多信息。

隐私政策：http：//www.mozilla.org/legal/privacy/firefox.html"
us - focus,Headspace: Mindful Meditation,"Stress less, sleep soundly, and get happier. Headspace is everyday mindfulness and meditation, so you can make mindfulness a daily habit and be kind to your mind. Learn how to relax, manage stress, find your focus, and release tension in both the mind and body.

Get guided meditations, courses, and mindfulness exercises on subjects like stress, general anxiety, worry, building resilience, and more topics for any moment. Learn mindfulness and choose from hundreds of meditations led by world-class experts from all walks of life. From guided meditations to soothing breathwork, get personalized recommendations daily based on what you like and how you’re feeling. 

Build your practice and meditate your way — Headspace is meditation for every experience level and lifestyle. Try short, 3-minute mindful meditation sessions that fit seamlessly into a busy schedule, or choose longer meditations for any time of day. Meditate with friends, and join live group meditations with members from around the world. Listen to soothing stories, calming sounds, and sleep music to create the conditions for restful slumber. Release stress and Tune in to Focus music to help you stay in the zone, and discover tension-releasing, joyful movement exercises.

Meditate, practice mindfulness, relax and sleep well. Start your free trial to feel the difference. 

DAILY MEDITATIONS
- Discover guided meditations and mindfulness exercises
- Meditate with Headspace’s personalized recommendations based on your activity
- Practice daily meditation on a new topic each day 
- Breathe easy with 3-minute mini meditations for a quick mental reset
- Track your progress and time spent meditating with Mindful Minutes on Apple Health 
- Learn meditation skills and find answers to your mindfulness questions
- Start your day inspired with The Wake Up — a short, daily video series made to brighten your day

SLEEP SOUNDS & MEDITATIONS
- Relax and create the conditions for a restful sleep
- Switch off with sleepcasts: calming narration paired with relaxing sounds
- Soothing sleep sounds with ambient nature recordings
- Calm & tranquil sleep music to help you reach a deep slumber

STRESS RELIEF & COPING MEDITATIONS
- Anxiety relief – ease stress with “SOS” sessions for moments of anxiety
- Learn breathwork to help you relax & calm down
- Build resilience with the Weathering the Storm collection
- Meditations to help you cope with sadness, anger, and adapting to change

FIND FOCUS & BUILD PRODUCTIVITY
- Improve focus with meditations for working from home
- Boost your concentration and productivity with focus enhancing music 
- Choose from curated playlists to set the right mood for your day

CENTERED FITNESS & TENSION RELEASE
- Relieve stress and release tension with mindful movement
- Mood boosting and motivating at-home workouts like yoga and guided runs
- Centered fitness courses: 28 days of mindful fitness and cardio
- Train with experts and Olympians Kim Glass & Leon Taylor

SUBSCRIPTION PRICING AND TERMS

Headspace offers two auto-renewing subscription options:
$12.99 per month
$69.99 per year (that's less than $5.99 a month)

These prices are for United States customers. Pricing in other countries may vary and actual charges may be converted to your local currency depending on the country of residence.

The subscription will automatically renew unless turned off in your iTunes Account Settings at least 24 hours before the current period ends. You can go to your iTunes Account settings to manage your subscription and turn off auto-renew. Your iTunes Account will be charged when the purchase is confirmed. If you subscribe before your free trial ends, the rest of your free trial period will be forfeited as soon as your purchase is confirmed.

Headspace saves your meditation sessions to your Apple Health app.

Read the terms and conditions here:
http://www.headspace.com/terms-and-conditions

Read the privacy policy here:
https://www.headspace.com/privacy-policy","压力更少，睡眠良好，变得更快乐。顶空是日常的正念和冥想，因此您可以使正念成为日常习惯，并友善。了解如何放松，管理压力，找到自己的注意力并释放身体和身体的紧张感。

在任何时刻，都会在压力，一般焦虑，忧虑，建立韧性以及更多主题等主题上进行引导的冥想，课程和正念练习。学习正念，并从各行各业的世界一流专家领导的数百种冥想中进行选择。从指导的冥想到舒缓呼吸，请根据自己喜欢的东西和感觉，每天获得个性化的建议。

建立自己的练习并进行冥想 - 顶空是每个体验水平和生活方式的冥想。尝试简短的3分钟正念冥想课程，无缝地适合繁忙的日程，或者在一天中的任何时间选择更长的冥想。与朋友进行冥想，并与来自世界各地的成员一起进行现场冥想。听取舒缓的故事，平静的声音和睡眠音乐，为休闲的沉睡创造条件。释放压力和调整以专注于音乐，以帮助您留在该区域，并发现张力张力，欢乐的运动练习。

冥想，练习正念，放松和睡眠良好。开始您的免费试验以感受到差异。

每日冥想
 - 发现带导的冥想和正念练习
 - 根据您的活动冥想顶空的个性化建议
 - 每天每天练习每天的新话题
 -  3分钟的迷你冥想轻松呼吸，以快速心理重置
 - 跟踪您在Apple Health上精心摄取的进度和时间
 - 学习冥想技能并找到您的正念问题的答案
 - 从唤醒开始开始您的一天 - 简短的每日视频系列，以使您的一天变得更加美好

睡眠声音和冥想
 - 放松并创造宁静的睡眠条件
 - 与睡眠播出：平静的叙述与轻松的声音配对
 - 带有环境自然录音的舒缓睡眠声音
 - 冷静与宁静的睡眠音乐，以帮助您到达沉睡

压力缓解和应对冥想
 - 缓解焦虑 - 缓解焦虑时刻的“ SOS”会议缓解压力
 - 学习呼吸工作以帮助您放松和冷静下来
 - 通过风化的风暴收集来建立弹性
 - 冥想以帮助您应对悲伤，愤怒和适应改变

找到重点并建立生产力
 - 通过冥想在家工作来提高专注
 - 通过焦点增强音乐来提高您的注意力和生产力
 - 从精选的播放列表中选择为您的一天设置正确的心情

中心健身和紧张释放
 - 减轻压力和释放紧张感
 - 情绪增强和激励在家锻炼，例如瑜伽和指导奔跑
 - 中心健身课程：28天的正念健身和有氧运动
 - 与专家和奥林匹亚人Kim Glass和Leon Taylor一起火车

订阅定价和条款

HeadSpace提供两个自动更新订阅选项：
每月$ 12.99
每年$ 69.99（每月不到$ 5.99）

这些价格是针对美国客户的。其他国家 /地区的定价可能会有所不同，实际费用可能会根据居住国的不同而转换为您的当地货币。

除非在当前期间结束前24小时关闭，否则订阅将自动续订。您可以转到iTunes帐户设置以管理订阅并关闭自动续订。确认购买后，您的iTunes帐户将被收取。如果您在免费试用期结束前订阅，则一旦确认购买，您的免费试用期将被没收。

顶空将您的冥想课程节省到Apple Health应用程序中。

在此处阅读条款和条件：
http://www.headspace.com/terms-and-conditions

在此处阅读隐私政策：
https://www.headspace.com/privacy-policy"
us - focus,Focus Keeper - Time Management,"Focus Keeper helps you keep your productivity high, avoiding burnout using the timer. Work with time. Not against it!

Here is what this app offers:
• Simple, beautiful, and intuitive interface. 
• Task Management
• Customize focus sessions, goals, and sounds. 
• Track your productivity with insightful charts.
• Universal(iPhone/iPad) app with iCloud support. 


Basic Focus Steps - It’s all about focusing your work efforts in timed 25-minute chunks, with a 5-minute break in between each burst of activity. 
1) Choose a task to be done.
2) Set the timer for 25 minutes.
3) Focus on the task until the timer rings 
4) Take a short break (just do something relaxing for 5 minutes)
5) Once you’ve completed 4 focus sessions, take a longer break. (20~30 minutes)


Features: 
• Adjust the timer with your fingers just like you do with real egg-timer.
• Next session starts automatically when the current session ends.
• Track your progress with two different charts (14 days and 30 days)
• Set your daily goal (number of Focus Sessions per day)
• Set how many Focus Sessions you want to finish before taking a long break(number of Focus per round)
• Customize the length of Focus Session, short break, and long break. 
• Choose your ticking from 10 different ticking sounds and your own music library.
• Choose your alarm from 14 different ring sounds.
• Set any sounds separately for the short break, long break, and Focus session.
• Receive alarm notifications even when the app is running in the background. 
• Today Widget for Focus Sessions
• Icon Badge shows how much time you left to finish the current session in the home screen Focus Keeper icon when the timer is ticking.
• Focus Reminder: If you're struggling to make a habit of using Focus Keeper, this could come in hand. You can set when you want to be notified to use Focus Keeper through weekdays and weekends.
• Option for resetting the Focus Count at midnight automatically. Now you can set your own reset time.
• Set different volume sounds for each ticking and alarm sound.



----

SUBSCRIPTION PRICING & TERMS

Focus Keeper is free to download. Pro Subscription gives you unlimited access to our premium content and features.

- Focus Keeper's three auto-renewing subscription options are $0.99 monthly or $5.99 annually
- These prices are for United States customers. Pricing in other countries may vary, and actual charges may be converted to your local currency depending on the country of residence.
- Payment will be charged to your iTunes Account at confirmation of your subscription
- Subscription automatically renews unless auto-renew is turned off at least 24-hours before the end of the current period
- The account will be charged for renewal within 24-hours prior to the end of the current period, and at the cost of the chosen package
- Any unused portion of a free trial period, if offered, will be forfeited when the user purchases a subscription to that publication, where applicable.
- Your subscription automatically renews unless you turn if off in Account Settings 24+ hours before the end of the billing period.
- You can turn off auto-renew at any time from your iTunes account settings, but refunds will not be provided for any unused portion of the term. 
- Alternatively, there is a ""Manage Subscription"" menu option in the App Settings menu.


Read our terms and conditions at https://www.iubenda.com/terms-and-conditions/36391786
Read our privacy policy at https://www.iubenda.com/privacy-policy/36391786

[ Support: support@pixo.co ]","焦点守护者可帮助您保持生产率高，避免使用计时器倦怠。时间工作。不反对！

这是该应用程序提供的：
•简单，美丽和直观的界面。
• 任务管理
•自定义焦点会话，目标和声音。
•使用有见地的图表跟踪您的生产率。
•带有iCloud支持的通用（iPhone/iPad）应用程序。


基本的重点步骤 - 这全都是将您的工作努力集中在定时的25分钟块中，每次活动之间都有5分钟的休息时间。
1）选择要完成的任务。
2）将计时器设置25分钟。
3）专注于任务，直到计时器响起
4）休息一下（只需放松5分钟）
5）完成了4个焦点会议后，请花更长的时间休息。（20〜30分钟）


特征：
•用手指调整计时器，就像使用真实的蛋式蛋白一样。
•下一个会话会在当前会话结束时自动启动。
•通过两个不同的图表（14天和30天）跟踪进度
•设定您的日常目标（每天焦点会议数量）
•设置要在长时间休息之前要完成的焦点会话（每轮焦点数）
•自定义重点会话的时间长度，短暂休息和漫长的休息时间。
•从10种不同的滴答声和自己的音乐库中选择滴答作响。
•从14个不同的戒指声音中选择闹钟。
•在短暂休息，长时间休息和聚焦会话中分别设置任何声音。
•即使应用程序在后台运行，也会接收警报通知。
•今天的焦点会议小部件
•图标徽章显示了在计时器滴答作响时，您有多少时间在主屏幕焦点守护者图标中完成当前会话。
•FOCUS提醒：如果您努力养成使用焦点守护者的习惯，则可能会掌握。当您想通知在工作日和周末通知使用Focus Keeper时，您可以设置。
•选项，可以自动重置焦点计数。现在，您可以设置自己的重置时间。
•为每个滴答声和警报声音设置不同的音量声音。



-----

订阅定价和条款

Focus Keeper可以免费下载。Pro订阅可无限制地访问我们的优质内容和功能。

 - 焦点门将的三个自动更新订阅选项每月$ 0.99或每年$ 5.99
 - 这些价格是针对美国客户的。其他国家 /地区的定价可能会有所不同，根据居住国的不同，实际费用可能会转换为您的当地货币。
 - 确认您的订阅后，将向您的iTunes帐户付款
 - 订阅会自动续订，除非在当前时期结束之前至少关闭自动更新至少24小时
 - 该帐户将在本期结束之前的24小时内收取续订费用，并以所选包裹为代价
 - 当用户购买该出版物（如果适用）订阅时，免费试用期的任何未使用的部分（如果提供）将被没收。
 - 您的订阅会自动续订，除非您在计费期结束前24小时关闭帐户设置中关闭。
 - 您可以随时从iTunes帐户设置中关闭自动续订，但是该期限的任何未使用部分都不会提供退款。
 - 另外，在应用程序设置菜单中有一个“管理订阅”菜单选项。


在https://www.iubenda.com/terms-and-conditions/36391786上阅读我们的条款和条件
在https://www.iubenda.com/privacy-policy/36391786上阅读我们的隐私政策

[支持：support@pixo.co]"
us - focus,Focos,"Focos is a big step into the future of computational photography and light-field camera, bringing DSLR-like photography to your iPhone and iPad Pro, with beautiful bokeh effects usually achievable only with professional large aperture cameras. With the technology of computational photography, you can make unlimited changes to your photos, focus after the fact, change the aperture repeatedly, and add multiple lights in 3D space, exceeding the limits of any editing tools you’ve known before. The creative potential unleashed by Focos is endless.

The Verge,
""Focos has long been one of the most ambitious photo-editing apps on iOS, turning any photo into a 'portrait mode'-style image with fully adjustable depth of field, no matter what kind of camera you took it with.""

MAIN FEATURES
- Take photos with shallow depth of field, without manually painting or making selections.
- The AI engine can calculate depth of field automatically for all photos.
- True 3D imaging.
- Simulate large apertures to create real bokeh effects normally only possible with DSLR cameras and expensive lenses.
- Import all existing photos and customize the bokeh effect.
- Re-focus portrait photos that have already been taken, with a simple tap.
- Choose from various simulated aperture diaphragms to generate different bokeh spot effects.
- Professional options to simulate lens characteristics, such as creamy, bilinear, swirly, and reflex effects, and more.
- Visualize the depth of areas within your portrait photos in a 3D view, and intuitively add depth filters.
- Add multiple lights in a 3D space, and adjust the color, brightness and so on for each light.
- Check the portrait picture in the real world with augmented reality technique.
- It is possible to patch the depth map precisely on iPad with Apple Pencil.
- Intuitive and easy to use, with built-in video tutorials.
- An essential tool for all iPhones and iPads.

Do you have questions or suggestions? Contact us via support @ focos . me.","FOCOS是迈向计算摄影和光场相机未来的重要一步，它将类似DSLR的摄影带入您的iPhone和iPad Pro，其散景效果通常只能使用专业的大型光圈相机才能实现。借助计算摄影技术，您可以对照片进行无限的更改，重点在事后，重复更改光圈，并在3D空间中添加多个灯光，超过您之前已知的任何编辑工具的限制。FOOS释放的创造力是无穷无尽的。

边缘，
“ Focos长期以来一直是iOS上最雄心勃勃的照片编辑应用程序之一，无论您使用哪种相机，都将任何照片变成具有完全可调的景深的'肖像模式'式图像。”

主要特点
 - 在无需手动绘画或进行选择的情况下拍摄浅深度的照片。
 -  AI发动机可以为所有照片自动计算磁场深度。
 - 真3D成像。
 - 模拟大量孔，以创造出真正的散景效果，通常只有DSLR摄像头和昂贵的镜头才能创造出真正的景象。
 - 导入所有现有照片并自定义散景效果。
 - 重点肖像照片已经拍摄，简单地抽头。
 - 从各种模拟的孔径隔膜中选择以产生不同的散景效果。
 - 模拟镜头特征的专业选择，例如奶油，双线性，旋转和反射效果等。
 - 在3D视图中可视化肖像照片中区域的深度，然后直观地添加深度过滤器。
 - 在3D空间中添加多个灯，并为每盏灯调整颜色，亮度等。
 - 通过增强现实技术在现实世界中查看肖像画。
 - 可以用苹果铅笔精确地在iPad上修补深度图。
 - 直观且易于使用，并带有内置视频教程。
 - 所有iPhone和iPad的重要工具。

您有疑问或建议吗？通过支持 @焦点与我们联系。我。"
us - focus,TADAA – Camera Focus & Depth,"Thanks to the millions of photographers around the globe for your love and support! 

TADAA 6.9 - A fast, powerful HD editor – only for iOS. Features include: 

- Selective Editing
- Layers (Snapshot) 
- Amazing Portrait Shots with RealDepth and Bokeh Blur
- more than a dozen professional editing tools
- more than 100 live-view filters
- take photos with your iPhone that looks like from a professional camera 
- all Full-Res
- customize your TADAA: Get rid of tools & filters you don't need and get new ones in the TADAA store 
- Many of those Features available for FREE
Thanks to the millions of photographers around the globe for your love and support! 


TADAA Pro is a subscription service that you can subscribe to for $3.99 a month, $9.49 for 3 months or $28.99 per year.  Payment will be charged to the iTunes Account at confirmation of purchase and auto-renews at the same price unless disabled in the iTunes Account settings at least 24 hours before the end of the current subscription period. Your subscription can be managed in your iTunes Account settings. No cancellation of the current subscription is allowed during the active subscription period. 

Terms and Conditions: http://tadaa.net/en-legal-terms.html
 Privacy Policy: http://tadaa.net/en-legal-privacy.html","感谢全球数百万摄影师的爱与支持！

TADAA 6.9-快速，功能强大的高清编辑器 - 仅适用于iOS。功能包括：

 - 选择性编辑
 - 层（快照）
 - 与Realdepth和散景模糊的惊人肖像镜头
 - 多个专业编辑工具
 - 超过100个实时视图过滤器
 - 用iPhone拍照，看起来像专业相机
 - 全部
 - 自定义TADAA：摆脱不需要的工具和过滤器，并在TADAA商店中获取新的工具
 - 其中许多功能免费提供
感谢全球数百万摄影师的爱与支持！


Tadaa Pro是一项订阅服务，您可以每月3.99美元，3个月或每年$ 28.99订阅。除非在当前订阅期结束前24小时，除非在iTunes帐户设置中禁用，否则以相同的价格确认购买和自动续订时，将向iTunes帐户收取付款。您的订阅可以在iTunes帐户设置中进行管理。在主动订阅期间，不允许取消当前订阅。

条款和条件：http：//tadaa.net/en-legal-terms.html
 隐私政策：http：//tadaa.net/en-legal-privacy.html"
de - focus,FOCUS online Nachrichten,"Die kostenlose FOCUS online Nachrichten App versorgt Sie jederzeit mit aktuellen News und umfassendem Service.
 
Aktuelle Nachrichten & News aus Politik, Sport, Finanzen, Kultur, Digital, Gesundheit und vielen weiteren Themen, sowie nachhaltiger Service, Bildergalerien und Videos machen die App komplett.
 
Die Highlights der App: 

• Aktuelle Themen wie die Russland-Krise und die Corona-Pandemie als Live-Ticker
• Reporter vor Ort schreiben über den Angriff Russlands auf die Ukraine und die Flutkatastrophe in Ahrweiler   
• Eilmeldungen erhalten Sie sofort per Push-Nachricht
• Push-Nachrichten sind zu Ihren Lieblingsthemen einstellbar
• Tor-Alarm konfigurierbar zu Ihrem Lieblings-Fußballverein oder zu einem einzelnen Spiel
• Liveticker zu Sportereignissen wie Fußball und Formel 1
• Umfangreiches Videoangebot aus allen Themen
• Artikel vorlesen lassen mit der „Text-2-Speech“-Funktion
• Standortbezogene Wettervorhersagen
• Unterstützt HandOff: Artikel, die auf einem iPhone oder iPad gelesen werden, können einfach auf einem anderen Apple Gerät weitergelesen werden oder umgekehrt. Prüfen Sie dazu die Einstellungen auf allen Apple Geräten.
 
Laden Sie die App jetzt runter.
 
Wir freuen uns auf ihr Feedback sowie Ihre Anregungen und schätzen Ihre Meinung sehr. Schreiben Sie uns dazu eine E-Mail an iphone@focus.de.","免费的重点在线新闻应用程序将随时为您提供当前的新闻和全面服务。

政治，体育，金融，文化，数字，健康以及许多其他主题以及可持续服务，图片画廊和视频的最新新闻与新闻完成。

该应用的亮点：

•当前的话题，例如俄罗斯危机和电晕大流行作为现场股票
•现场的记者写了有关俄罗斯对乌克兰的袭击和艾哈威尔的洪灾
•您将通过推送消息立即收到紧急报告
•推送消息可以设置为您喜欢的主题
•可为您最喜欢的足球俱乐部或单场比赛配置的Tor-Alarm
•在足球和方程式赛等体育赛事中现场签证
•来自所有主题的广泛视频报价
•将文章带有“ text-2语音”功能读取
•与位置相关的天气预报
•支持交接：在iPhone或iPad上阅读的文章只需在另一台Apple设备上阅读，反之亦然。为此，请检查所有Apple设备上的设置。

现在下载该应用。

我们期待您的反馈和建议，并感谢您的意见。给我们写一封电子邮件至iphone@focus.de。"
de - focus,Be Focused - Focus Timer,"Die Konzentration auf eine Aufgabe ist für unsere, an den Bildschirm gewöhnte Generation offenbar eine echte Herausforderung. Mit Be Focused können Sie die individuellen Aufgaben in separate, durch Pausen getrennte Intervalle aufteilen. Das ist eine überraschend effiziente Methode, um die Motivation und den Fokus aufrechtzuerhalten. Erstellen Sie Aufgaben, planen Sie Pausen und behalten Sie den Überblick über Ihren Fortschritt während des Arbeitstages, der Arbeitswoche oder einer beliebigen Zeitspanne.

Funktionsumfang:
- Intervalle starten, pausieren oder überspringen
- Automatischer Start des nächsten Timers (Option)
- Anpassen der Timer-Einstellungen zur Maximierung der Produktivität:
        • Dauer des Arbeitsintervalls
        • Dauer der kurzen Pause
        • Dauer der langen Pause
        • Anzahl der Intervalle zwischen langen Pausen
        • Zielanzahl der Intervalle pro Tag
- Ihre Aufgaben verwalten
- Unterschiedliche Timer-Einstellungen für verschiedene Aufgaben spezifizieren
- Fügen Sie Aufgaben Notizen und Fälligkeitstermine hinzu
- Anzahl von Intervallen schätzen, die zur Erledigung einer Aufgabe erforderlich sind, und Einschätzungsfehler verfolgen
- Abgeschlossene Intervalle anzeigen und verwalten
- Anpassbare Berichte für schnelle und einfache Zielverfolgung
- Möglichkeit zum Einfügen einer Aufgabenliste aus anderen Anwendungen
- Optionaler Chronometer-Tickton
- Anpassbare Frequenz des Chronometer-Tons
- Große Auswahl an Alarmtönen
- Fähigkeit, die Lautstärke von Alarm und Chronometer einzustellen
- Die Alarmtöne funktionieren auch, wenn die App im Hintergrund ausgeführt wird
- Interaktive Benachrichtigungen
- Live Activities
- Lock Screen Widgets
- Home Screen Widgets
- Unterstützt Apple Watch
- Eine Universal-App für iPhone, Apple Watch und iPad
- Auch erhältlich für Mac

Auf Pro-Version upgrade:
- Synchronisieren Sie Ihre Daten zwischen iPhone, iPad und Mac *
- Verwenden Sie Tags und Filter um die Übersicht zu behalten
- Exportieren Sie Daten in eine CSV-Datei
- Sichern Sie Ihre Kontodaten täglich automatisch
- Focus-Matrix-Integration zur Verwaltung von Aufgaben nach einem Rush-/Priority-Prinzip **
- Entfernen Sie Banner und Anzeigen

* Für die Synchronisierung mit Mac wird das separat erhältliche Be Focused Pro for macOS benötigt.
** Für die Integration mit Focus Matrix ist die Pro-Version von Focus Matrix erforderlich, die separat erhältlich ist.","对于我们这一代人来说，专注于任务显然是一个真正的挑战，该挑战用于屏幕。通过集中精力，您可以将各个任务分为单独的间隔，然后通过断裂分开。这是一种令人惊讶的有效方法，可以保持动力和专注。创建任务，计划中断，并在工作日，工作周或任何时间概述您的进度。

功能范围：
 - 开始，暂停或跳过间隔
 - 下一个计时器的自动启动（选项）
 - 调整计时器设置以最大化生产率：
        •工作间隔的持续时间
        •短暂休息时间
        •长期休息时间
        •长休息之间的间隔数
        •每天间隔的目标数量
 - 管理您的任务
 - 为不同任务指定不同的计时器设置
 - 添加任务注释和到期日期
 - 感谢完成任务并追求评估错误所需的间隔数量
 - 显示和管理完成的间隔
 - 适应性报告，以进行快速简便的目标跟踪
 - 可能从其他应用程序中插入任务列表
 - 可选的计时仪票本
 - 天文钟音调的适应性频率
 - 大量的警报音调
 - 能够设置警报和计时仪的音量
 - 当应用程序在后台执行时，警报音也可以工作
 - 交互式通知
 - 现场活动
 - 锁定屏幕小部件
 - 主屏幕小部件
 - 支持Apple Watch
 -  iPhone，Apple Watch和iPad的通用应用程序
 - 也可用于Mac

升级到Pro版本：
 - 将您的数据同步在iPhone，iPad和Mac *之间 *
 - 使用标签和过滤器保持概述
 - 将数据导出到CSV文件
 - 每天自动保护您的帐户详细信息
 - 对焦矩阵集成以根据匆忙/优先原则管理任务**
 - 卸下横幅并显示

*对于与MAC的同步，需要单独可用的MacOS POKE。
**为了与焦点矩阵集成，需要单独可用的焦点矩阵版本。"
de - focus,Focus - Zeitmanagement,"Focus - Eine neue und schicke Lösung für dein Zeitmanagement

Focus bietet dir auf deinem iPhone, iPad, der Apple Watch und deinem Mac die Möglichkeit, deine Aufgaben einfach und übersichtlich zu organisieren und deine Konzentration so effizient wie möglich zu nutzen - für einen produktiveren Arbeitstag.

„[…] ein Werkzeug, das die Nutzer wirklich produktiver macht“ - MacStories.net

„[…] ein Must-have for jeden, der sich zu leicht ablenken lässt oder vergisst regelmäßig Pausen einzulegen.“ - iDownloadBlog.com

======================

FEATURES

======================

FOCUS-INTERVALLE

In Focus-Intervallen zu arbeiten ist äußerst effizient. Angelehnt an die Pomodoro-Technik, arbeitest du  25 Minuten lang intensiv und konzentriert und machst anschließend eine Pause von 5 Minuten. Nach vier Arbeitsintervallen steht eine längere Pause von 20 Minuten an. Dadurch, dass du dir konsequent und regelmäßig Pausen nimmst, hältst du deine Konzentration hoch, schaffst Freiräume für mehr Kreativität und fühlst dich leistungsfähiger und frischer.

AUFGABENVERWALTUNG

Focus umfasst eine übersichtliche To-Do Liste, in der du ohne große Ablenkung schnell deine Aufgaben anlegen kannst. Wähle eine Aufgabe aus, auf die du dich konzentrieren willst, starte deinen Focus-Intervall und fokussiere deine Energie darauf, diese Aufgabe zu erledigen. So bist du perfekt organisiert, um erfolgreich zu arbeiten.

DETAILLIERTE STASTITIK

Schau dir an, was du schon geschafft hast! Focus misst deine Arbeitszeit und bietet dir eine detaillierte und motivierende Statistik. Mit einer Tages-, Wochen- und Monatsansicht behält du immer den Überblick über deine Leistung.

FOCUS ÜBERALL

Focus gibt es für iPhone, iPad, Apple Watch und Mac und alle deine Daten werden mit iCloud synchronisiert. Außerdem kannst du mit Kurzbefehlen nützliche Automatisierung erstellen oder mit Widgets deinen Fortschritt im Blick behalten. Focus ist immer da, wo du die App brauchst!

FOCUS UND DIE APPLE WATCH: WIE FÜREINANDER GEMACHT

Focus  auf der Apple Watch ist dein perfekter Begleiter. Die Watch-App funktioniert unabhängig vom iPhone und lässt dich schnell und einfach deine Intervalle starten oder stoppen, sowie deinen Tagesfortschritt im Auge zu behalten. Mit der Focus Complication, kannst du auf einen Blick sehen, wie viel Zeit deines Focus-Intervalls schon verstrichen ist.

======================

ABO UND PREISE

======================

Focus gibt es in zwei Abo-Varianten:

Monatsabonnement für 8,49 Euro/ Monat

Jahresabonnement für 29,99 Euro/ Jahr

Mit dem Abo werden alle Features auf allen Geräten freigeschaltet (Mac, iPhone, iPad und Apple Watch).

KOSTENLOSE TESTPHASE

Probiere Focus gleich in einer kostenlosen Testphase aus (3 Tage beim Monatsabo oder 7 Tage beim Jahresabo)!  Wenn du das Abo vor Ende der Testphase kündigst, entstehen dir keine Kosten.

ABONNEMENTBEDINGUNGEN

Die Zahlung wird nach der Kaufbestätigung oder nach der kostenlosen Testphase fällig.

Dein Abonnement verlängert sich automatisch, wenn du es nicht mindestens 24 Stunden vor Ablauf des aktuellen Zeitraums kündigst. Dein Konto wird dabei 24 Stunden vor Ablauf des aktuellen Zeitraums belastet.

Du kannst dein Abonnements in den Einstellungen unter deiner Apple ID > Abonnements jederzeit verwalten und kündigen.

======================

KONTAKT

======================

Für Fragen und Anregung, schreib uns immer gerne via support@meaningful-things.com

https://meaningful-things.com/

Privacy Policy: https://meaningful-things.com/privacy
Terms of Service: https://meaningful-things.com/terms","重点 - 一种新的时尚解决方案，用于您的时间管理

Focus为您提供了在iPhone，iPad，Apple Watch和Mac上轻松，清晰地组织任务的机会，并尽可能有效地使用浓度 - 在工作日更加有效。

“ [...]一种使用户真正提高生产力的工具” -MacStories.net

“ [...]必须 - 对于每个人都很容易分心或忘记定期休息的人。”  -  iDownloadblog.com

==========================

特征

==========================

焦点间隔

在焦点间隔中工作非常有效。根据Pomodoro技术，您可以进行大量工作并集中精力25分钟，然后休息5分钟。四个工作间隔后，较长的休息时间为20分钟。因为您始终如一地进行休息，所以您保持专注力，创造自由以增加创造力，并感到更加强大和更新鲜。

任务管理

Focus包括一个清晰的待办事项列表，您可以在其中快速创建任务而不会分心。选择要专注于的任务，开始重点间隔，并专注于您的精力来完成此任务。因此，您完美地组织了成功的工作。

详细的statasatics

看看您已经做了什么！重点衡量您的工作时间，并为您提供详细和激励的统计数据。通过每日，每周和每月的视图，您始终概述自己的表现。

到处聚焦

焦点可用于iPhone，iPad，Apple Watch和Mac，您的所有数据都与iCloud同步。您还可以使用简短命令创建有用的自动化，也可以关注小部件的进度。焦点始终是您需要应用程序的地方！

聚焦和Apple Watch：如何互相创造

专注于Apple Watch是您的完美伴侣。无论iPhone如何，手表应用程序都可以正常工作，可以让您快速，轻松地开始或停止间隔，并关注您的日常进度。有了重点并发症，您可以一目了然地看到焦点间隔已经过去了多少时间。

==========================

订阅和价格

==========================

焦点有两个订阅中可用：

每月订阅8.49欧元/月

年度订阅29.99欧元/年

使用订阅，所有功能均在所有设备（Mac，iPhone，iPad和Apple Watch）上激活。

免费测试阶段

尝试在免费测试阶段（每月订阅3天或每年订阅7天）进行重点！如果您在测试阶段结束前取消订阅，则不会产生任何费用。

订阅条件

该付款应在购买确认后或免费测试阶段之后到期。

如果您在当前期间至少24小时未取消订阅，则您的订阅将自动延长。您的帐户将在当前期间结束前24小时收取费用。

您可以随时在Apple ID>订阅下的设置中管理和取消订阅。

==========================

接触

==========================

有关问题和建议，请始终喜欢通过unding@meaningful-things.com写信给我们

https://meaningful-things.com/

隐私政策：https：//meaningful-things.com/privacy
服务条款：https：//meaningful-things.com/terms"
de - focus,Headspace: Meditation & Schlaf,"Mehr Glücksmomente. Weniger Stress. Erholsam schlafen. Headspace ist dein Wegweiser zu mehr Achtsamkeit im Alltag. Lerne Meditations- und Achtsamkeitstechniken von weltbekannten Experten wie dem ehemaligen Mönch und Headspace-Mitbegründer Andy Puddicombe. Wähle aus Hunderten von geführten Meditationen zu Themen wie Stressbewältigung, erholsamen Schlaf, Konzentration und mentale und körperliche Gesundheit. Finde deinen eigenen Weg zur Entspannung und entdecke Meditationen für jedes Erfahrungsniveau und jeden Lebensstil – einschließlich kurzer 3-minütiger Übungen, die sich in jeden Terminkalender integrieren lassen.

Schaffe die besten Voraussetzungen für eine erholsame Nacht mit Headspace Schlaf. Entdecke Meditationen mit denen du vor dem Schlafengehen abschaltest oder mitten in der Nacht wieder einschläfst. Mit Headspace Sleepcasts kannst du dir beruhigende Geschichten anhören und dich jeden Abend auf eine neue, spannende Gedankenreise machen. Verträumte Hörerlebnisse mit Naturaufnahmen, Klanglandschaften oder ruhiger Schlafmusik fördern einen erholsamen, tiefen Schlaf. 

Mit nur wenigen Minuten pro Tag hilft dir Headspace dabei, Gleichgewicht in deinen Alltag zu bringen. Hol dir jetzt die kostenlose Testversion.

Lade Headspace noch heute herunter und stärke deine mentale Gesundheit.
 
WAS DIE APP BEINHALTET:
- Hunderte von geführten Meditationen zu Themen wie Konzentration, Bewegung und Schlaf
- Musik und Einschlafrituale für erholsamen Schlaf
- Tagesmeditation von Headspace: Tägliche Meditationen, jeden Tag mit einem neuen Thema
- Achtsame Momente, um den ganzen Tag über präsent zu bleiben
- 2-3-minütige Mini-Meditationen für einen mentalen Neustart
- SOS-Übungen für Momente der Panik, Angst und Stress
- Headspace-Animationen, die dir neue Fähigkeiten vermitteln und Fragen zu Achtsamkeit beantworten
- Verfolge deinen Fortschritt und die Zeit, die du mit Meditieren verbringst
- Füge deine achtsamen Minuten zur Apple Health-App hinzu
- Lade deine Freunde ein, um mit dir zu meditieren
- Nach der Methode von Andy Puddicombe, ehemaliger Mönch und renommierter Achtsamkeitsexperte

PREISE UND BEDINGUNGEN
Headspace bietet zwei Abo-Optionen, die sich jeweils automatisch verlängern:
 
12.99 € pro Monat
57.99 € pro Jahr (entspricht weniger als 4,99 € im Monat)
Diese Preise gelten für Kunden in Deutschland. Die Preise in anderen Ländern können variieren und die tatsächlichen Kosten werden je nach Wohnsitzland in deine Landeswährung umgerechnet.
 
Das Abonnement wird automatisch erneuert, sofern es nicht mindestens 24 Stunden vor Ablauf des aktuellen Zeitraums in deinen iTunes-Kontoeinstellungen deaktiviert ist. Du kannst deine iTunes-Kontoeinstellungen aufrufen, um dein Abonnement zu verwalten und die automatische Verlängerung zu deaktivieren. Dein iTunes-Konto wird belastet, sobald der Kauf bestätigt wird. Wenn du dich vor Ablauf des kostenlosen Testzeitraums anmeldest, verfällt der Rest deines kostenlosen Testzeitraums, sobald dein Kauf bestätigt wurde.
 
Headspace integriert sich in die Apple Health App.
 
Allgemeinen Geschäftsbedingungen: http://www.headspace.com/de/terms-and-conditions
 
Datenschutzbestimmungen: https://www.headspace.com/de/privacy-policy","更多幸福的时刻。更少的压力。睡眠放松。顶空是您日常生活中更加正念的指南。学习举世闻名的专家的冥想和正念技巧，例如前尚和顶空的联合创始人安迪·帕迪科姆（Andy Puddicomb）。从数百种有关应对压力，放松睡眠，集中以及身心健康等主题的指导冥想中进行选择。找到自己的放松方式，并为各种经验的冥想以及每个生活方式的3分钟练习，包括可以融入每个时间表。

创建最佳先决条件，让顶空睡眠度过轻松的夜晚。发现冥想，您在晚上上床睡觉或再次入睡之前关闭了冥想。借助顶空睡眠，您可以听取平静的故事，并每天晚上进行新的，令人兴奋的思想旅程。梦幻般的聆听体验，自然镜头，良好的景观或平静的睡眠音乐促进了轻松，深度的睡眠。

每天仅几分钟，顶空可以帮助您将平衡带入日常生活。立即获取免费测试版。

立即下载顶空并增强您的心理健康。
 
该应用程序包含的内容：
 - 关于集中，运动和睡眠等主题的数百种引导冥想
 - 音乐和睡眠仪式用于放松睡眠
 - 每天的顶空冥想：每天冥想，每天都有一个新主题
 - 整天都紧紧抓住现在
-2-3分钟的迷你冥想，用于重新启动
 -  SOS练习时刻的恐慌，恐惧和压力
 - 顶空动画，可以为您提供新的技能并回答有关正念的问题
 - 追求您的进度以及您在冥想上花费的时间
 - 将您的小心分钟添加到Apple Health应用程序中
 - 用您的朋友与您冥想
 - 根据Andy Puddicomb的方法，前僧侣和著名的正念专家

价格和条件
顶空提供了两个自动扩展的订阅选项：
 
每月12.99欧元
每年57.99欧元（对应于每月不到4.99欧元）
这些价格适用于德国的客户。其他国家 /地区的价格可能会有所不同，实际成本会根据居住国的不同而转换为您的州货币。
 
如果在当前期间至少24小时内未在iTunes帐户设置中停用该订阅，则会自动续订订阅。您可以调用iTunes帐户设置以管理订阅并停用自动扩展名。确认购买后，您的iTunes帐户将立即收取。如果您在免费测试期过期之前注册，则一旦确认购买，您的其余免费测试期限将到期。
 
顶空集成到Apple Health应用程序中。
 
一般条款和条件：http：//www.headspace.com/de/terms-and-conditions
 
数据保护条例：https：//www.headspace.com/de/privacy-policy"
de - focus,Schlaf,"Die App „Schlaf“ ist so konzipiert, dass sie dich beim Erreichen deiner Schlafziele unterstützt. Dies schließt ausreichendes Schlafen, rechtzeitiges Zubettgehen und sogar das Entwickeln einer Routine für die Zeit vor dem Schlafengehen ein. Du kannst bequem deinen Schlaf erfassen und dich morgens durch akustische oder haptische Wecksignale wecken lassen. „Schlaf“ schließt Erinnerungen für das Zubettgehen, Wecksignale, Schlaferfassung, den Fokus „Schlafen“, die Funktion „Entspannung“ und eine Übersicht über deine Schlaftrends im zeitlichen Verlauf ein.

Funktionen

• Lege einen Zeitplan für das Schlafen fest, um deine Schlafziele zu erreichen und rechtzeitig zu Bett zu gehen.

• Erfasse deine Schlafphasen und die Dauer deines Schlafes, während du die Apple Watch im Bett trägst. Die Apple Watch verwendet Daten des Beschleunigungs- und Herzfrequenzsensors, um zu bestimmen, in welcher Schlafphase du dich befindest.

• Aktiviere den Fokus „Schlafen“, um das Display zu deaktivieren und Ablenkungen zu reduzieren. Durch Tippen auf den Bildschirm werden die Uhrzeit, das Datum und das Wecksignal für den Morgen abgedunkelt angezeigt.

• Verwende „Entspannung“, um dich vor dem Schlafen zu entspannen. Während „Entspannen“ ist auch der Fokus „Schlafen“ aktiviert, um beim Erreichen der Schlafziele zu helfen.

• Lasse dich mit sanften Tönen oder einem haptischen Wecksignal wecken, um niemanden in deiner Nähe zu stören.

• Lasse dir jeden Morgen einen Weckbildschirm mit der Wettervorhersage für den Tag anzeigen sowie den aktuellen Batteriestatus, damit du das Laden nicht vergisst.

• Überprüfe Schlafstatistiken in der Health-App auf dem iPhone, einschließlich Schlafenszeiten, Schlafphasen, Schlafzielen sowie Atem- und Herzfrequenz beim Schlafen.","“睡眠”应用程序的设计方式使您在达到睡眠目标时为您提供支持。这可以在上床睡觉前及时及时及时开发时间。您可以轻松地掌握睡眠，并在早晨被声学或触觉警报信号唤醒。“睡眠”关闭了就寝时间，警报信号，睡眠记录，“睡眠”，“放松”功能以及时间概述您的睡眠趋势的记忆。

功能

•设定睡眠时间表以达到您的睡眠目标并及时上床睡觉。

•在床上戴上Apple Watch时捕获您的睡眠阶段和睡眠时间。Apple Watch使用来自加速度和心率传感器的数据来确定您在哪个睡眠阶段。

•激活“睡眠”焦点以停用显示并减少干扰。通过在屏幕上敲击，时间，日期和警报信号在早晨变黑。

•睡觉前使用“放松”放松。在“放松”焦点期间，还激活了“睡眠”以帮助睡眠目标。

•让自己用柔和的音调或触觉警报信号唤醒，以免打扰您附近的任何人。

•让您显示一个唤醒屏幕，每天早晨的天气预报以及当前的电池状态，以免忘记加载。

•在iPhone上检查健康应用程序中的睡眠统计数据，包括就寝时间，睡眠阶段，睡眠目的地以及睡眠时呼吸和心率。"
